0; 3/31/2022; 01:30:10.044;0,0048744
1; 3/31/2022; 01:30:20.354;0,0048792
2; 3/31/2022; 01:30:30.356;0,0048825
3; 3/31/2022; 01:30:40.378;0,0048847
4; 3/31/2022; 01:30:50.400;0,0048739
5; 3/31/2022; 01:31:00.424;0,004879
6; 3/31/2022; 01:31:10.450;0,0048755
7; 3/31/2022; 01:31:20.475;0,0048735
8; 3/31/2022; 01:31:30.491;0,0048769
9; 3/31/2022; 01:31:40.508;0,0048792
10; 3/31/2022; 01:31:50.526;0,0048779
11; 3/31/2022; 01:32:00.545;0,0048743
12; 3/31/2022; 01:32:10.567;0,0048753
13; 3/31/2022; 01:32:20.580;0,0048735
14; 3/31/2022; 01:32:30.595;0,0048785
15; 3/31/2022; 01:32:40.606;0,0048776
16; 3/31/2022; 01:32:50.626;0,004873
17; 3/31/2022; 01:33:00.637;0,0048757
18; 3/31/2022; 01:33:10.645;0,0048662
19; 3/31/2022; 01:33:20.675;0,0048732
20; 3/31/2022; 01:33:30.689;0,0048667
21; 3/31/2022; 01:33:40.712;0,0048724
22; 3/31/2022; 01:33:50.734;0,0048716
23; 3/31/2022; 01:34:00.742;0,0048764
24; 3/31/2022; 01:34:10.761;0,0048721
25; 3/31/2022; 01:34:20.780;0,0048697
26; 3/31/2022; 01:34:30.793;0,0048778
27; 3/31/2022; 01:34:40.817;0,0048748
28; 3/31/2022; 01:34:50.837;0,0048683
29; 3/31/2022; 01:35:00.861;0,004881
30; 3/31/2022; 01:35:10.881;0,0048728
31; 3/31/2022; 01:35:20.148;0,0048708
32; 3/31/2022; 01:35:30.153;0,0048744
33; 3/31/2022; 01:35:40.175;0,0048734
34; 3/31/2022; 01:35:50.193;0,0048686
35; 3/31/2022; 01:36:00.202;0,0048708
36; 3/31/2022; 01:36:10.228;0,0048689
37; 3/31/2022; 01:36:20.250;0,0048458
38; 3/31/2022; 01:36:30.276;0,0048624
39; 3/31/2022; 01:36:40.293;0,0048904
40; 3/31/2022; 01:36:50.294;0,0048886
41; 3/31/2022; 01:37:00.320;0,0048907
42; 3/31/2022; 01:37:10.327;0,0048938
43; 3/31/2022; 01:37:20.355;0,0048876
44; 3/31/2022; 01:37:30.381;0,0048898
45; 3/31/2022; 01:37:40.398;0,0048862
46; 3/31/2022; 01:37:50.421;0,00489
47; 3/31/2022; 01:38:00.423;0,0048881
48; 3/31/2022; 01:38:10.435;0,0048911
49; 3/31/2022; 01:38:20.459;0,0048895
50; 3/31/2022; 01:38:30.478;0,0048899
51; 3/31/2022; 01:38:40.498;0,0048872
52; 3/31/2022; 01:38:50.501;0,0048866
53; 3/31/2022; 01:39:00.502;0,0048888
54; 3/31/2022; 01:39:10.528;0,0048873
55; 3/31/2022; 01:39:20.551;0,0048873
56; 3/31/2022; 01:39:30.572;0,0048929
57; 3/31/2022; 01:39:40.586;0,0048881
58; 3/31/2022; 01:39:50.610;0,0048918
59; 3/31/2022; 01:40:00.630;0,0048922
60; 3/31/2022; 01:40:10.644;0,0048913
61; 3/31/2022; 01:40:20.666;0,00489
62; 3/31/2022; 01:40:30.685;0,0048854
63; 3/31/2022; 01:40:40.712;0,0048873
64; 3/31/2022; 01:40:50.728;0,0048853
65; 3/31/2022; 01:41:00.743;0,0048884
66; 3/31/2022; 01:41:10.768;0,0048866
67; 3/31/2022; 01:41:20.772;0,0048843
68; 3/31/2022; 01:41:30.785;0,0048906
69; 3/31/2022; 01:41:40.809;0,0048851
70; 3/31/2022; 01:41:50.818;0,0048882
71; 3/31/2022; 01:42:00.845;0,0048855
72; 3/31/2022; 01:42:10.871;0,0048865
73; 3/31/2022; 01:42:20.132;0,0048858
74; 3/31/2022; 01:42:30.135;0,0048856
75; 3/31/2022; 01:42:40.164;0,0048866
76; 3/31/2022; 01:42:50.183;0,0048891
77; 3/31/2022; 01:43:00.199;0,0048986
78; 3/31/2022; 01:43:10.207;0,0048903
79; 3/31/2022; 01:43:20.209;0,0048898
80; 3/31/2022; 01:43:30.230;0,0048918
81; 3/31/2022; 01:43:40.251;0,0048889
82; 3/31/2022; 01:43:50.277;0,0048874
83; 3/31/2022; 01:44:00.298;0,0048846
84; 3/31/2022; 01:44:10.324;0,0048843
85; 3/31/2022; 01:44:20.342;0,0048886
86; 3/31/2022; 01:44:30.361;0,0048865
87; 3/31/2022; 01:44:40.388;0,0048841
88; 3/31/2022; 01:44:50.389;0,0048849
89; 3/31/2022; 01:45:00.411;0,0048824
90; 3/31/2022; 01:45:10.432;0,0048821
91; 3/31/2022; 01:45:20.454;0,004885
92; 3/31/2022; 01:45:30.470;0,004887
93; 3/31/2022; 01:45:40.495;0,0048917
94; 3/31/2022; 01:45:50.514;0,0048861
95; 3/31/2022; 01:46:00.542;0,004891
96; 3/31/2022; 01:46:10.562;0,004885
97; 3/31/2022; 01:46:20.582;0,0048827
98; 3/31/2022; 01:46:30.603;0,0048879
99; 3/31/2022; 01:46:40.623;0,0048807
100; 3/31/2022; 01:46:50.652;0,0048817
101; 3/31/2022; 01:47:00.659;0,0048843
102; 3/31/2022; 01:47:10.670;0,0048784
103; 3/31/2022; 01:47:20.693;0,00488
104; 3/31/2022; 01:47:30.716;0,0048838
105; 3/31/2022; 01:47:40.733;0,0048805
106; 3/31/2022; 01:47:50.758;0,0048837
107; 3/31/2022; 01:48:00.783;0,0048785
108; 3/31/2022; 01:48:10.812;0,0048776
109; 3/31/2022; 01:48:20.836;0,0048796
110; 3/31/2022; 01:48:30.852;0,0048833
111; 3/31/2022; 01:48:40.874;0,0048816
112; 3/31/2022; 01:48:50.128;0,0048826
113; 3/31/2022; 01:49:00.134;0,0048824
114; 3/31/2022; 01:49:10.154;0,0048823
115; 3/31/2022; 01:49:20.177;0,0048822
116; 3/31/2022; 01:49:30.204;0,0048839
117; 3/31/2022; 01:49:40.214;0,0048788
118; 3/31/2022; 01:49:50.235;0,0048802
119; 3/31/2022; 01:50:00.259;0,004886
120; 3/31/2022; 01:50:10.277;0,0048819
121; 3/31/2022; 01:50:20.300;0,004877
122; 3/31/2022; 01:50:30.312;0,0048799
123; 3/31/2022; 01:50:40.343;0,0048758
124; 3/31/2022; 01:50:50.348;0,0048794
125; 3/31/2022; 01:51:00.352;0,0048829
126; 3/31/2022; 01:51:10.365;0,0048819
127; 3/31/2022; 01:51:20.372;0,0048733
128; 3/31/2022; 01:51:30.373;0,0048751
129; 3/31/2022; 01:51:40.395;0,0048784
130; 3/31/2022; 01:51:50.418;0,0048815
131; 3/31/2022; 01:52:00.440;0,0048782
132; 3/31/2022; 01:52:10.455;0,0048804
133; 3/31/2022; 01:52:20.477;0,004873
134; 3/31/2022; 01:52:30.492;0,0048791
135; 3/31/2022; 01:52:40.519;0,0048787
136; 3/31/2022; 01:52:50.535;0,0048761
137; 3/31/2022; 01:53:00.561;0,0048802
138; 3/31/2022; 01:53:10.584;0,0048753
139; 3/31/2022; 01:53:20.592;0,0048788
140; 3/31/2022; 01:53:30.606;0,0048778
141; 3/31/2022; 01:53:40.632;0,0048768
142; 3/31/2022; 01:53:50.650;0,0048768
143; 3/31/2022; 01:54:00.673;0,0048742
144; 3/31/2022; 01:54:10.684;0,0048732
145; 3/31/2022; 01:54:20.705;0,0048761
146; 3/31/2022; 01:54:30.728;0,0048682
147; 3/31/2022; 01:54:40.749;0,0048747
148; 3/31/2022; 01:54:50.761;0,0048739
149; 3/31/2022; 01:55:00.788;0,0048759
150; 3/31/2022; 01:55:10.818;0,004873
151; 3/31/2022; 01:55:20.847;0,0048719
152; 3/31/2022; 01:55:30.849;0,0048738
153; 3/31/2022; 01:55:40.852;0,0048721
154; 3/31/2022; 01:55:50.878;0,0048746
155; 3/31/2022; 01:56:00.153;0,0048755
156; 3/31/2022; 01:56:10.175;0,0048747
157; 3/31/2022; 01:56:20.195;0,0048726
158; 3/31/2022; 01:56:30.216;0,0048742
159; 3/31/2022; 01:56:40.242;0,0048716
160; 3/31/2022; 01:56:50.262;0,0048715
161; 3/31/2022; 01:57:00.285;0,0048747
162; 3/31/2022; 01:57:10.304;0,0048733
163; 3/31/2022; 01:57:20.333;0,004873
164; 3/31/2022; 01:57:30.334;0,0048745
165; 3/31/2022; 01:57:40.364;0,0048712
166; 3/31/2022; 01:57:50.387;0,0048725
167; 3/31/2022; 01:58:00.415;0,0048762
168; 3/31/2022; 01:58:10.440;0,0048724
169; 3/31/2022; 01:58:20.440;0,004872
170; 3/31/2022; 01:58:30.470;0,0048705
171; 3/31/2022; 01:58:40.493;0,0048708
172; 3/31/2022; 01:58:50.515;0,004872
173; 3/31/2022; 01:59:00.542;0,0048718
174; 3/31/2022; 01:59:10.551;0,0048736
175; 3/31/2022; 01:59:20.556;0,0048748
176; 3/31/2022; 01:59:30.578;0,0048838
177; 3/31/2022; 01:59:40.603;0,0048784
178; 3/31/2022; 01:59:50.604;0,0048708
179; 3/31/2022; 02:00:00.604;0,0048739
180; 3/31/2022; 02:00:10.613;0,0048735
181; 3/31/2022; 02:00:20.624;0,0048672
182; 3/31/2022; 02:00:30.647;0,0048704
183; 3/31/2022; 02:00:40.678;0,0048712
184; 3/31/2022; 02:00:50.691;0,0048655
185; 3/31/2022; 02:01:00.709;0,0048687
186; 3/31/2022; 02:01:10.718;0,0048675
187; 3/31/2022; 02:01:20.737;0,0048702
188; 3/31/2022; 02:01:30.738;0,0048667
189; 3/31/2022; 02:01:40.768;0,0048685
190; 3/31/2022; 02:01:50.797;0,0048676
191; 3/31/2022; 02:02:00.823;0,0048681
192; 3/31/2022; 02:02:10.852;0,004868
193; 3/31/2022; 02:02:20.855;0,004868
194; 3/31/2022; 02:02:30.870;0,0048752
195; 3/31/2022; 02:02:40.133;0,0048717
196; 3/31/2022; 02:02:50.164;0,0048706
197; 3/31/2022; 02:03:00.169;0,0048707
198; 3/31/2022; 02:03:10.171;0,0048676
199; 3/31/2022; 02:03:20.200;0,0048672
200; 3/31/2022; 02:03:30.228;0,0048688
201; 3/31/2022; 02:03:40.251;0,0048674
202; 3/31/2022; 02:03:50.263;0,0048657
203; 3/31/2022; 02:04:00.291;0,0048643
204; 3/31/2022; 02:04:10.318;0,0048637
205; 3/31/2022; 02:04:20.348;0,0048686
206; 3/31/2022; 02:04:30.354;0,0048602
207; 3/31/2022; 02:04:40.379;0,0048678
208; 3/31/2022; 02:04:50.395;0,0048659
209; 3/31/2022; 02:05:00.406;0,0048666
210; 3/31/2022; 02:05:10.408;0,0048615
211; 3/31/2022; 02:05:20.438;0,0048622
212; 3/31/2022; 02:05:30.442;0,0048594
213; 3/31/2022; 02:05:40.463;0,0048644
214; 3/31/2022; 02:05:50.473;0,0048609
215; 3/31/2022; 02:06:00.483;0,004862
216; 3/31/2022; 02:06:10.507;0,0048614
217; 3/31/2022; 02:06:20.528;0,0048628
218; 3/31/2022; 02:06:30.546;0,0048599
219; 3/31/2022; 02:06:40.548;0,0048617
220; 3/31/2022; 02:06:50.563;0,0048599
221; 3/31/2022; 02:07:00.584;0,0048607
222; 3/31/2022; 02:07:10.596;0,0048632
223; 3/31/2022; 02:07:20.623;0,0048623
224; 3/31/2022; 02:07:30.628;0,0048591
225; 3/31/2022; 02:07:40.639;0,004862
226; 3/31/2022; 02:07:50.664;0,0048628
227; 3/31/2022; 02:08:00.681;0,004864
228; 3/31/2022; 02:08:10.684;0,0048616
229; 3/31/2022; 02:08:20.705;0,0048677
230; 3/31/2022; 02:08:30.736;0,0048613
231; 3/31/2022; 02:08:40.738;0,0048603
232; 3/31/2022; 02:08:50.747;0,0048644
233; 3/31/2022; 02:09:00.771;0,0048596
234; 3/31/2022; 02:09:10.793;0,0048615
235; 3/31/2022; 02:09:20.813;0,0048588
236; 3/31/2022; 02:09:30.831;0,0048622
237; 3/31/2022; 02:09:40.854;0,0048639
238; 3/31/2022; 02:09:50.883;0,0048594
239; 3/31/2022; 02:10:00.152;0,0048613
240; 3/31/2022; 02:10:10.158;0,0048618
241; 3/31/2022; 02:10:20.164;0,0048616
242; 3/31/2022; 02:10:30.169;0,0048636
243; 3/31/2022; 02:10:40.190;0,0048681
244; 3/31/2022; 02:10:50.213;0,0048643
245; 3/31/2022; 02:11:00.242;0,004862
246; 3/31/2022; 02:11:10.246;0,004863
247; 3/31/2022; 02:11:20.272;0,0048641
248; 3/31/2022; 02:11:30.294;0,0048553
249; 3/31/2022; 02:11:40.317;0,0048604
250; 3/31/2022; 02:11:50.342;0,0048616
251; 3/31/2022; 02:12:00.352;0,0048607
252; 3/31/2022; 02:12:10.354;0,0048585
253; 3/31/2022; 02:12:20.373;0,004863
254; 3/31/2022; 02:12:30.400;0,0048561
255; 3/31/2022; 02:12:40.414;0,0048632
256; 3/31/2022; 02:12:50.439;0,0048614
257; 3/31/2022; 02:13:00.446;0,0048602
258; 3/31/2022; 02:13:10.471;0,0048607
259; 3/31/2022; 02:13:20.493;0,004856
260; 3/31/2022; 02:13:30.523;0,0048571
261; 3/31/2022; 02:13:40.524;0,0048606
262; 3/31/2022; 02:13:50.551;0,0048596
263; 3/31/2022; 02:14:00.551;0,0048608
264; 3/31/2022; 02:14:10.552;0,0048552
265; 3/31/2022; 02:14:20.559;0,0048576
266; 3/31/2022; 02:14:30.561;0,0048574
267; 3/31/2022; 02:14:40.584;0,0048566
268; 3/31/2022; 02:14:50.594;0,0048592
269; 3/31/2022; 02:15:00.612;0,0048549
270; 3/31/2022; 02:15:10.622;0,004857
271; 3/31/2022; 02:15:20.626;0,0048626
272; 3/31/2022; 02:15:30.654;0,0048662
273; 3/31/2022; 02:15:40.680;0,0048566
274; 3/31/2022; 02:15:50.706;0,0048584
275; 3/31/2022; 02:16:00.734;0,0048589
276; 3/31/2022; 02:16:10.738;0,0048594
277; 3/31/2022; 02:16:20.743;0,0048572
278; 3/31/2022; 02:16:30.765;0,0048563
279; 3/31/2022; 02:16:40.778;0,0048553
280; 3/31/2022; 02:16:50.790;0,0048613
281; 3/31/2022; 02:17:00.810;0,0048612
282; 3/31/2022; 02:17:10.835;0,0048549
283; 3/31/2022; 02:17:20.853;0,0048586
284; 3/31/2022; 02:17:30.876;0,0048606
285; 3/31/2022; 02:17:40.138;0,0048566
286; 3/31/2022; 02:17:50.153;0,0048596
287; 3/31/2022; 02:18:00.167;0,0048573
288; 3/31/2022; 02:18:10.182;0,0048596
289; 3/31/2022; 02:18:20.182;0,0048543
290; 3/31/2022; 02:18:30.207;0,0048589
291; 3/31/2022; 02:18:40.218;0,0048589
292; 3/31/2022; 02:18:50.221;0,0048566
293; 3/31/2022; 02:19:00.251;0,0048554
294; 3/31/2022; 02:19:10.255;0,0048547
295; 3/31/2022; 02:19:20.263;0,0048604
296; 3/31/2022; 02:19:30.264;0,0048541
297; 3/31/2022; 02:19:40.280;0,0048553
298; 3/31/2022; 02:19:50.304;0,0048598
299; 3/31/2022; 02:20:00.321;0,0048576
300; 3/31/2022; 02:20:10.324;0,0048565
301; 3/31/2022; 02:20:20.333;0,0048591
302; 3/31/2022; 02:20:30.354;0,0048582
303; 3/31/2022; 02:20:40.376;0,0048606
304; 3/31/2022; 02:20:50.377;0,0048611
305; 3/31/2022; 02:21:00.385;0,0048581
306; 3/31/2022; 02:21:10.388;0,004857
307; 3/31/2022; 02:21:20.414;0,0048548
308; 3/31/2022; 02:21:30.431;0,0048581
309; 3/31/2022; 02:21:40.449;0,0048574
310; 3/31/2022; 02:21:50.471;0,0048632
311; 3/31/2022; 02:22:00.497;0,0048612
312; 3/31/2022; 02:22:10.507;0,0048586
313; 3/31/2022; 02:22:20.529;0,004858
314; 3/31/2022; 02:22:30.533;0,0048583
315; 3/31/2022; 02:22:40.546;0,0048569
316; 3/31/2022; 02:22:50.550;0,00486
317; 3/31/2022; 02:23:00.580;0,0048623
318; 3/31/2022; 02:23:10.594;0,0048589
319; 3/31/2022; 02:23:20.621;0,004859
320; 3/31/2022; 02:23:30.648;0,0048648
321; 3/31/2022; 02:23:40.660;0,0048615
322; 3/31/2022; 02:23:50.688;0,004856
323; 3/31/2022; 02:24:00.694;0,0048653
324; 3/31/2022; 02:24:10.699;0,0048592
325; 3/31/2022; 02:24:20.728;0,004862
326; 3/31/2022; 02:24:30.758;0,0048608
327; 3/31/2022; 02:24:40.759;0,004861
328; 3/31/2022; 02:24:50.770;0,0048598
329; 3/31/2022; 02:25:00.775;0,0048581
330; 3/31/2022; 02:25:10.785;0,0048602
331; 3/31/2022; 02:25:20.797;0,0048654
332; 3/31/2022; 02:25:30.804;0,0048569
333; 3/31/2022; 02:25:40.811;0,0048597
334; 3/31/2022; 02:25:50.815;0,0048583
335; 3/31/2022; 02:26:00.837;0,0048621
336; 3/31/2022; 02:26:10.838;0,004863
337; 3/31/2022; 02:26:20.840;0,0048623
338; 3/31/2022; 02:26:30.852;0,0048635
339; 3/31/2022; 02:26:40.855;0,0048606
340; 3/31/2022; 02:26:50.869;0,0048602
341; 3/31/2022; 02:27:00.876;0,0048613
342; 3/31/2022; 02:27:10.143;0,0048618
343; 3/31/2022; 02:27:20.168;0,0048662
344; 3/31/2022; 02:27:30.194;0,0048612
345; 3/31/2022; 02:27:40.222;0,0048625
346; 3/31/2022; 02:27:50.227;0,0048666
347; 3/31/2022; 02:28:00.228;0,0048634
348; 3/31/2022; 02:28:10.234;0,0048624
349; 3/31/2022; 02:28:20.237;0,0048583
350; 3/31/2022; 02:28:30.244;0,0048592
351; 3/31/2022; 02:28:40.264;0,0048604
352; 3/31/2022; 02:28:50.290;0,004863
353; 3/31/2022; 02:29:00.304;0,0048651
354; 3/31/2022; 02:29:10.314;0,0048641
355; 3/31/2022; 02:29:20.338;0,0048585
356; 3/31/2022; 02:29:30.359;0,0048597
357; 3/31/2022; 02:29:40.385;0,004859
358; 3/31/2022; 02:29:50.393;0,0048688
359; 3/31/2022; 02:30:00.416;0,0048613
360; 3/31/2022; 02:30:10.434;0,0048588
361; 3/31/2022; 02:30:20.437;0,0048614
362; 3/31/2022; 02:30:30.438;0,0048616
363; 3/31/2022; 02:30:40.454;0,0048568
364; 3/31/2022; 02:30:50.463;0,004864
365; 3/31/2022; 02:31:00.474;0,0048636
366; 3/31/2022; 02:31:10.496;0,0048667
367; 3/31/2022; 02:31:20.500;0,0048626
368; 3/31/2022; 02:31:30.507;0,0048631
369; 3/31/2022; 02:31:40.518;0,0048609
370; 3/31/2022; 02:31:50.521;0,0048607
371; 3/31/2022; 02:32:00.536;0,0048604
372; 3/31/2022; 02:32:10.541;0,0048645
373; 3/31/2022; 02:32:20.548;0,0048646
374; 3/31/2022; 02:32:30.554;0,0048691
375; 3/31/2022; 02:32:40.569;0,0048647
376; 3/31/2022; 02:32:50.600;0,0048676
377; 3/31/2022; 02:33:00.608;0,0048624
378; 3/31/2022; 02:33:10.618;0,0048622
379; 3/31/2022; 02:33:20.642;0,0048578
380; 3/31/2022; 02:33:30.661;0,0048624
381; 3/31/2022; 02:33:40.682;0,0048704
382; 3/31/2022; 02:33:50.705;0,0048652
383; 3/31/2022; 02:34:00.724;0,0048656
384; 3/31/2022; 02:34:10.731;0,0048629
385; 3/31/2022; 02:34:20.745;0,0048631
386; 3/31/2022; 02:34:30.768;0,004865
387; 3/31/2022; 02:34:40.782;0,004864
388; 3/31/2022; 02:34:50.808;0,0048619
389; 3/31/2022; 02:35:00.817;0,0048646
390; 3/31/2022; 02:35:10.846;0,0048638
391; 3/31/2022; 02:35:20.868;0,0048649
392; 3/31/2022; 02:35:30.884;0,0048638
393; 3/31/2022; 02:35:40.139;0,0048614
394; 3/31/2022; 02:35:50.152;0,0048744
395; 3/31/2022; 02:36:00.156;0,0048666
396; 3/31/2022; 02:36:10.184;0,0048715
397; 3/31/2022; 02:36:20.185;0,0048674
398; 3/31/2022; 02:36:30.193;0,0048699
399; 3/31/2022; 02:36:40.195;0,0048738
400; 3/31/2022; 02:36:50.202;0,0048666
401; 3/31/2022; 02:37:00.230;0,0048669
402; 3/31/2022; 02:37:10.253;0,0048737
403; 3/31/2022; 02:37:20.258;0,0048681
404; 3/31/2022; 02:37:30.277;0,0048702
405; 3/31/2022; 02:37:40.293;0,0048671
406; 3/31/2022; 02:37:50.311;0,0048684
407; 3/31/2022; 02:38:00.315;0,0048636
408; 3/31/2022; 02:38:10.329;0,0048754
409; 3/31/2022; 02:38:20.352;0,0048692
410; 3/31/2022; 02:38:30.361;0,0048702
411; 3/31/2022; 02:38:40.362;0,0048713
412; 3/31/2022; 02:38:50.366;0,0048777
413; 3/31/2022; 02:39:00.368;0,0048688
414; 3/31/2022; 02:39:10.375;0,0048688
415; 3/31/2022; 02:39:20.387;0,0048699
416; 3/31/2022; 02:39:30.395;0,0048688
417; 3/31/2022; 02:39:40.416;0,0048702
418; 3/31/2022; 02:39:50.427;0,004869
419; 3/31/2022; 02:40:00.451;0,0048709
420; 3/31/2022; 02:40:10.466;0,0048666
421; 3/31/2022; 02:40:20.494;0,0048678
422; 3/31/2022; 02:40:30.503;0,0048661
423; 3/31/2022; 02:40:40.531;0,0048667
424; 3/31/2022; 02:40:50.535;0,0048661
425; 3/31/2022; 02:41:00.542;0,0048663
426; 3/31/2022; 02:41:10.544;0,0048627
427; 3/31/2022; 02:41:20.573;0,0048677
428; 3/31/2022; 02:41:30.576;0,0048655
429; 3/31/2022; 02:41:40.592;0,0048641
430; 3/31/2022; 02:41:50.601;0,0048653
431; 3/31/2022; 02:42:00.608;0,0048611
432; 3/31/2022; 02:42:10.637;0,004866
433; 3/31/2022; 02:42:20.656;0,0048669
434; 3/31/2022; 02:42:30.661;0,0048619
435; 3/31/2022; 02:42:40.666;0,0048619
436; 3/31/2022; 02:42:50.677;0,0048615
437; 3/31/2022; 02:43:00.706;0,0048663
438; 3/31/2022; 02:43:10.707;0,0048648
439; 3/31/2022; 02:43:20.738;0,0048636
440; 3/31/2022; 02:43:30.741;0,0048628
441; 3/31/2022; 02:43:40.744;0,0048626
442; 3/31/2022; 02:43:50.754;0,0048648
443; 3/31/2022; 02:44:00.756;0,0048667
444; 3/31/2022; 02:44:10.763;0,0048671
445; 3/31/2022; 02:44:20.773;0,004863
446; 3/31/2022; 02:44:30.795;0,0048607
447; 3/31/2022; 02:44:40.803;0,0048626
448; 3/31/2022; 02:44:50.810;0,0048634
449; 3/31/2022; 02:45:00.813;0,0048595
450; 3/31/2022; 02:45:10.839;0,004859
451; 3/31/2022; 02:45:20.846;0,0048625
452; 3/31/2022; 02:45:30.849;0,0048595
453; 3/31/2022; 02:45:40.861;0,0048624
454; 3/31/2022; 02:45:50.865;0,0048647
455; 3/31/2022; 02:46:00.877;0,0048622
456; 3/31/2022; 02:46:10.153;0,0048601
457; 3/31/2022; 02:46:20.176;0,0048619
458; 3/31/2022; 02:46:30.203;0,0048622
459; 3/31/2022; 02:46:40.216;0,0048562
460; 3/31/2022; 02:46:50.219;0,004857
461; 3/31/2022; 02:47:00.226;0,0048597
462; 3/31/2022; 02:47:10.234;0,0048611
463; 3/31/2022; 02:47:20.252;0,0048591
464; 3/31/2022; 02:47:30.273;0,0048575
465; 3/31/2022; 02:47:40.302;0,0048602
466; 3/31/2022; 02:47:50.316;0,0048589
467; 3/31/2022; 02:48:00.318;0,0048617
468; 3/31/2022; 02:48:10.344;0,0048607
469; 3/31/2022; 02:48:20.356;0,0048627
470; 3/31/2022; 02:48:30.378;0,004863
471; 3/31/2022; 02:48:40.382;0,0048651
472; 3/31/2022; 02:48:50.387;0,0048654
473; 3/31/2022; 02:49:00.389;0,0048593
474; 3/31/2022; 02:49:10.392;0,0048589
475; 3/31/2022; 02:49:20.404;0,0048607
476; 3/31/2022; 02:49:30.433;0,0048572
477; 3/31/2022; 02:49:40.459;0,0048646
478; 3/31/2022; 02:49:50.471;0,0048618
479; 3/31/2022; 02:50:00.480;0,0048619
480; 3/31/2022; 02:50:10.508;0,0048601
481; 3/31/2022; 02:50:20.513;0,0048627
482; 3/31/2022; 02:50:30.523;0,004862
483; 3/31/2022; 02:50:40.533;0,0048657
484; 3/31/2022; 02:50:50.561;0,0048631
485; 3/31/2022; 02:51:00.588;0,0048585
486; 3/31/2022; 02:51:10.600;0,0048613
487; 3/31/2022; 02:51:20.629;0,0048572
488; 3/31/2022; 02:51:30.630;0,0048641
489; 3/31/2022; 02:51:40.657;0,0048637
490; 3/31/2022; 02:51:50.661;0,0048652
491; 3/31/2022; 02:52:00.691;0,0048634
492; 3/31/2022; 02:52:10.706;0,0048619
493; 3/31/2022; 02:52:20.729;0,004862
494; 3/31/2022; 02:52:30.757;0,004862
495; 3/31/2022; 02:52:40.786;0,0048596
496; 3/31/2022; 02:52:50.793;0,0048595
497; 3/31/2022; 02:53:00.798;0,0048604
498; 3/31/2022; 02:53:10.813;0,0048618
499; 3/31/2022; 02:53:20.821;0,0048663
500; 3/31/2022; 02:53:30.825;0,0048615
501; 3/31/2022; 02:53:40.846;0,0048613
502; 3/31/2022; 02:53:50.868;0,0048636
503; 3/31/2022; 02:54:00.892;0,0048633
504; 3/31/2022; 02:54:10.168;0,0048655
505; 3/31/2022; 02:54:20.179;0,0048662
506; 3/31/2022; 02:54:30.180;0,0048656
507; 3/31/2022; 02:54:40.184;0,0048679
508; 3/31/2022; 02:54:50.204;0,0048673
509; 3/31/2022; 02:55:00.227;0,0048646
510; 3/31/2022; 02:55:10.245;0,0048673
511; 3/31/2022; 02:55:20.266;0,0048628
512; 3/31/2022; 02:55:30.272;0,0048659
513; 3/31/2022; 02:55:40.277;0,0048653
514; 3/31/2022; 02:55:50.296;0,0048629
515; 3/31/2022; 02:56:00.326;0,0048603
516; 3/31/2022; 02:56:10.344;0,0048636
517; 3/31/2022; 02:56:20.359;0,0048611
518; 3/31/2022; 02:56:30.379;0,0048627
519; 3/31/2022; 02:56:40.387;0,0048607
520; 3/31/2022; 02:56:50.394;0,0048576
521; 3/31/2022; 02:57:00.401;0,0048599
522; 3/31/2022; 02:57:10.401;0,0048597
523; 3/31/2022; 02:57:20.415;0,0048603
524; 3/31/2022; 02:57:30.419;0,0048598
525; 3/31/2022; 02:57:40.424;0,0048606
526; 3/31/2022; 02:57:50.429;0,0048621
527; 3/31/2022; 02:58:00.433;0,0048608
528; 3/31/2022; 02:58:10.433;0,0048637
529; 3/31/2022; 02:58:20.459;0,0048589
530; 3/31/2022; 02:58:30.465;0,004863
531; 3/31/2022; 02:58:40.482;0,004863
532; 3/31/2022; 02:58:50.491;0,0048608
533; 3/31/2022; 02:59:00.513;0,0048641
534; 3/31/2022; 02:59:10.521;0,0048639
535; 3/31/2022; 02:59:20.546;0,0048577
536; 3/31/2022; 02:59:30.566;0,0048575
537; 3/31/2022; 02:59:40.567;0,0048571
538; 3/31/2022; 02:59:50.597;0,0048592
539; 3/31/2022; 03:00:00.606;0,0048585
540; 3/31/2022; 03:00:10.620;0,0048625
541; 3/31/2022; 03:00:20.643;0,0048585
542; 3/31/2022; 03:00:30.664;0,0048613
543; 3/31/2022; 03:00:40.679;0,0048601
544; 3/31/2022; 03:00:50.707;0,0048648
545; 3/31/2022; 03:01:00.729;0,0048617
546; 3/31/2022; 03:01:10.744;0,0048621
547; 3/31/2022; 03:01:20.744;0,0048574
548; 3/31/2022; 03:01:30.745;0,0048528
549; 3/31/2022; 03:01:40.760;0,0048562
550; 3/31/2022; 03:01:50.787;0,0048605
551; 3/31/2022; 03:02:00.787;0,0048599
552; 3/31/2022; 03:02:10.801;0,0048618
553; 3/31/2022; 03:02:20.806;0,0048619
554; 3/31/2022; 03:02:30.813;0,0048612
555; 3/31/2022; 03:02:40.818;0,0048573
556; 3/31/2022; 03:02:50.830;0,0048602
557; 3/31/2022; 03:03:00.835;0,0048615
558; 3/31/2022; 03:03:10.862;0,0048606
559; 3/31/2022; 03:03:20.885;0,0048592
560; 3/31/2022; 03:03:30.142;0,0048618
561; 3/31/2022; 03:03:40.153;0,004858
562; 3/31/2022; 03:03:50.153;0,0048589
563; 3/31/2022; 03:04:00.158;0,0048585
564; 3/31/2022; 03:04:10.171;0,0048585
565; 3/31/2022; 03:04:20.190;0,0048591
566; 3/31/2022; 03:04:30.202;0,004858
567; 3/31/2022; 03:04:40.224;0,0048615
568; 3/31/2022; 03:04:50.229;0,0048569
569; 3/31/2022; 03:05:00.246;0,0048557
570; 3/31/2022; 03:05:10.271;0,0048615
571; 3/31/2022; 03:05:20.284;0,0048624
572; 3/31/2022; 03:05:30.285;0,0048601
573; 3/31/2022; 03:05:40.307;0,0048611
574; 3/31/2022; 03:05:50.316;0,0048603
575; 3/31/2022; 03:06:00.326;0,0048646
576; 3/31/2022; 03:06:10.341;0,0048598
577; 3/31/2022; 03:06:20.356;0,0048605
578; 3/31/2022; 03:06:30.374;0,0048603
579; 3/31/2022; 03:06:40.387;0,0048565
580; 3/31/2022; 03:06:50.390;0,0048604
581; 3/31/2022; 03:07:00.407;0,0048641
582; 3/31/2022; 03:07:10.415;0,0048592
583; 3/31/2022; 03:07:20.422;0,0048564
584; 3/31/2022; 03:07:30.436;0,0048603
585; 3/31/2022; 03:07:40.457;0,0048613
586; 3/31/2022; 03:07:50.480;0,0048617
587; 3/31/2022; 03:08:00.484;0,004863
588; 3/31/2022; 03:08:10.511;0,0048615
589; 3/31/2022; 03:08:20.521;0,0048569
590; 3/31/2022; 03:08:30.526;0,004858
591; 3/31/2022; 03:08:40.553;0,0048587
592; 3/31/2022; 03:08:50.556;0,0048615
593; 3/31/2022; 03:09:00.566;0,0048561
594; 3/31/2022; 03:09:10.582;0,00486
595; 3/31/2022; 03:09:20.585;0,0048602
596; 3/31/2022; 03:09:30.614;0,0048586
597; 3/31/2022; 03:09:40.618;0,0048564
598; 3/31/2022; 03:09:50.630;0,004857
599; 3/31/2022; 03:10:00.641;0,0048595
600; 3/31/2022; 03:10:10.648;0,0048613
601; 3/31/2022; 03:10:20.667;0,0048622
602; 3/31/2022; 03:10:30.672;0,0048548
603; 3/31/2022; 03:10:40.683;0,0048588
604; 3/31/2022; 03:10:50.687;0,0048632
605; 3/31/2022; 03:11:00.690;0,0048619
606; 3/31/2022; 03:11:10.693;0,0048574
607; 3/31/2022; 03:11:20.695;0,0048567
608; 3/31/2022; 03:11:30.709;0,004863
609; 3/31/2022; 03:11:40.723;0,0048583
610; 3/31/2022; 03:11:50.753;0,0048597
611; 3/31/2022; 03:12:00.762;0,0048613
612; 3/31/2022; 03:12:10.781;0,0048621
613; 3/31/2022; 03:12:20.794;0,0048592
614; 3/31/2022; 03:12:30.820;0,0048613
615; 3/31/2022; 03:12:40.822;0,0048606
616; 3/31/2022; 03:12:50.828;0,0048592
617; 3/31/2022; 03:13:00.856;0,0048603
618; 3/31/2022; 03:13:10.859;0,004859
619; 3/31/2022; 03:13:20.871;0,0048649
620; 3/31/2022; 03:13:30.149;0,0048648
621; 3/31/2022; 03:13:40.172;0,0048632
622; 3/31/2022; 03:13:50.175;0,0048645
623; 3/31/2022; 03:14:00.182;0,0048615
624; 3/31/2022; 03:14:10.210;0,0048613
625; 3/31/2022; 03:14:20.224;0,0048636
626; 3/31/2022; 03:14:30.224;0,0048639
627; 3/31/2022; 03:14:40.235;0,0048646
628; 3/31/2022; 03:14:50.236;0,0048596
629; 3/31/2022; 03:15:00.242;0,0048601
630; 3/31/2022; 03:15:10.258;0,0048562
631; 3/31/2022; 03:15:20.263;0,0048619
632; 3/31/2022; 03:15:30.265;0,0048634
633; 3/31/2022; 03:15:40.294;0,0048628
634; 3/31/2022; 03:15:50.300;0,0048637
635; 3/31/2022; 03:16:00.308;0,0048622
636; 3/31/2022; 03:16:10.314;0,0048634
637; 3/31/2022; 03:16:20.329;0,0048637
638; 3/31/2022; 03:16:30.336;0,0048652
639; 3/31/2022; 03:16:40.344;0,0048629
640; 3/31/2022; 03:16:50.351;0,004859
641; 3/31/2022; 03:17:00.380;0,0048608
642; 3/31/2022; 03:17:10.408;0,0048636
643; 3/31/2022; 03:17:20.413;0,0048641
644; 3/31/2022; 03:17:30.437;0,0048621
645; 3/31/2022; 03:17:40.447;0,004859
646; 3/31/2022; 03:17:50.462;0,0048615
647; 3/31/2022; 03:18:00.467;0,0048588
648; 3/31/2022; 03:18:10.481;0,004864
649; 3/31/2022; 03:18:20.482;0,0048637
650; 3/31/2022; 03:18:30.489;0,0048656
651; 3/31/2022; 03:18:40.518;0,0048647
652; 3/31/2022; 03:18:50.526;0,0048692
653; 3/31/2022; 03:19:00.536;0,0048665
654; 3/31/2022; 03:19:10.546;0,0048617
655; 3/31/2022; 03:19:20.554;0,0048609
656; 3/31/2022; 03:19:30.576;0,004859
657; 3/31/2022; 03:19:40.580;0,0048631
658; 3/31/2022; 03:19:50.583;0,0048612
659; 3/31/2022; 03:20:00.592;0,0048598
660; 3/31/2022; 03:20:10.621;0,0048623
661; 3/31/2022; 03:20:20.647;0,0048642
662; 3/31/2022; 03:20:30.662;0,0048672
663; 3/31/2022; 03:20:40.679;0,0048627
664; 3/31/2022; 03:20:50.691;0,0048626
665; 3/31/2022; 03:21:00.695;0,0048636
666; 3/31/2022; 03:21:10.698;0,0048633
667; 3/31/2022; 03:21:20.705;0,0048599
668; 3/31/2022; 03:21:30.734;0,0048613
669; 3/31/2022; 03:21:40.745;0,0048621
670; 3/31/2022; 03:21:50.747;0,0048618
671; 3/31/2022; 03:22:00.755;0,0048609
672; 3/31/2022; 03:22:10.756;0,0048626
673; 3/31/2022; 03:22:20.769;0,0048623
674; 3/31/2022; 03:22:30.770;0,0048607
675; 3/31/2022; 03:22:40.774;0,0048593
676; 3/31/2022; 03:22:50.804;0,0048572
677; 3/31/2022; 03:23:00.827;0,0048624
678; 3/31/2022; 03:23:10.840;0,0048587
679; 3/31/2022; 03:23:20.869;0,0048614
680; 3/31/2022; 03:23:30.874;0,0048608
681; 3/31/2022; 03:23:40.146;0,0048614
682; 3/31/2022; 03:23:50.175;0,0048639
683; 3/31/2022; 03:24:00.180;0,0048613
684; 3/31/2022; 03:24:10.208;0,0048624
685; 3/31/2022; 03:24:20.220;0,0048592
686; 3/31/2022; 03:24:30.225;0,004863
687; 3/31/2022; 03:24:40.244;0,0048669
688; 3/31/2022; 03:24:50.251;0,0048628
689; 3/31/2022; 03:25:00.256;0,0048621
690; 3/31/2022; 03:25:10.263;0,0048602
691; 3/31/2022; 03:25:20.273;0,0048622
692; 3/31/2022; 03:25:30.291;0,0048597
693; 3/31/2022; 03:25:40.298;0,0048598
694; 3/31/2022; 03:25:50.303;0,0048626
695; 3/31/2022; 03:26:00.308;0,0048615
696; 3/31/2022; 03:26:10.320;0,0048648
697; 3/31/2022; 03:26:20.327;0,0048643
698; 3/31/2022; 03:26:30.331;0,0048638
699; 3/31/2022; 03:26:40.359;0,00486
700; 3/31/2022; 03:26:50.364;0,0048634
701; 3/31/2022; 03:27:00.389;0,0048632
702; 3/31/2022; 03:27:10.401;0,004864
703; 3/31/2022; 03:27:20.411;0,0048605
704; 3/31/2022; 03:27:30.411;0,0048654
705; 3/31/2022; 03:27:40.421;0,0048651
706; 3/31/2022; 03:27:50.428;0,0048619
707; 3/31/2022; 03:28:00.435;0,0048601
708; 3/31/2022; 03:28:10.454;0,0048575
709; 3/31/2022; 03:28:20.482;0,0048631
710; 3/31/2022; 03:28:30.485;0,0048609
711; 3/31/2022; 03:28:40.486;0,0048561
712; 3/31/2022; 03:28:50.512;0,0048622
713; 3/31/2022; 03:29:00.517;0,0048615
714; 3/31/2022; 03:29:10.542;0,0048578
715; 3/31/2022; 03:29:20.572;0,0048632
716; 3/31/2022; 03:29:30.578;0,0048625
717; 3/31/2022; 03:29:40.590;0,0048626
718; 3/31/2022; 03:29:50.600;0,0048601
719; 3/31/2022; 03:30:00.603;0,004862
720; 3/31/2022; 03:30:10.633;0,0048611
721; 3/31/2022; 03:30:20.633;0,0048625
722; 3/31/2022; 03:30:30.635;0,0048577
723; 3/31/2022; 03:30:40.651;0,0048578
724; 3/31/2022; 03:30:50.653;0,0048563
725; 3/31/2022; 03:31:00.669;0,0048615
726; 3/31/2022; 03:31:10.671;0,0048583
727; 3/31/2022; 03:31:20.673;0,0048584
728; 3/31/2022; 03:31:30.686;0,0048608
729; 3/31/2022; 03:31:40.693;0,0048589
730; 3/31/2022; 03:31:50.701;0,0048584
731; 3/31/2022; 03:32:00.707;0,004861
732; 3/31/2022; 03:32:10.720;0,0048578
733; 3/31/2022; 03:32:20.722;0,0048612
734; 3/31/2022; 03:32:30.731;0,0048615
735; 3/31/2022; 03:32:40.734;0,0048632
736; 3/31/2022; 03:32:50.745;0,0048602
737; 3/31/2022; 03:33:00.771;0,0048606
738; 3/31/2022; 03:33:10.776;0,0048565
739; 3/31/2022; 03:33:20.786;0,0048574
740; 3/31/2022; 03:33:30.809;0,0048586
741; 3/31/2022; 03:33:40.835;0,0048579
742; 3/31/2022; 03:33:50.837;0,0048595
743; 3/31/2022; 03:34:00.839;0,0048553
744; 3/31/2022; 03:34:10.868;0,0048572
745; 3/31/2022; 03:34:20.876;0,0048549
746; 3/31/2022; 03:34:30.141;0,0048559
747; 3/31/2022; 03:34:40.170;0,0048569
748; 3/31/2022; 03:34:50.174;0,0048612
749; 3/31/2022; 03:35:00.198;0,0048589
750; 3/31/2022; 03:35:10.211;0,004857
751; 3/31/2022; 03:35:20.220;0,0048559
752; 3/31/2022; 03:35:30.244;0,0048573
753; 3/31/2022; 03:35:40.255;0,0048553
754; 3/31/2022; 03:35:50.266;0,0048595
755; 3/31/2022; 03:36:00.278;0,0048569
756; 3/31/2022; 03:36:10.288;0,0048575
757; 3/31/2022; 03:36:20.294;0,0048585
758; 3/31/2022; 03:36:30.304;0,0048587
759; 3/31/2022; 03:36:40.306;0,0048574
760; 3/31/2022; 03:36:50.317;0,0048594
761; 3/31/2022; 03:37:00.321;0,0048615
762; 3/31/2022; 03:37:10.344;0,004858
763; 3/31/2022; 03:37:20.367;0,0048533
764; 3/31/2022; 03:37:30.377;0,0048584
765; 3/31/2022; 03:37:40.380;0,0048582
766; 3/31/2022; 03:37:50.382;0,0048579
767; 3/31/2022; 03:38:00.404;0,0048598
768; 3/31/2022; 03:38:10.411;0,0048581
769; 3/31/2022; 03:38:20.427;0,0048566
770; 3/31/2022; 03:38:30.435;0,0048577
771; 3/31/2022; 03:38:40.441;0,0048544
772; 3/31/2022; 03:38:50.466;0,0048583
773; 3/31/2022; 03:39:00.470;0,0048526
774; 3/31/2022; 03:39:10.487;0,0048512
775; 3/31/2022; 03:39:20.507;0,0048538
776; 3/31/2022; 03:39:30.517;0,0048549
777; 3/31/2022; 03:39:40.533;0,0048566
778; 3/31/2022; 03:39:50.545;0,0048571
779; 3/31/2022; 03:40:00.545;0,0048551
780; 3/31/2022; 03:40:10.552;0,0048569
781; 3/31/2022; 03:40:20.553;0,0048541
782; 3/31/2022; 03:40:30.577;0,0048567
783; 3/31/2022; 03:40:40.591;0,0048538
784; 3/31/2022; 03:40:50.597;0,0048586
785; 3/31/2022; 03:41:00.627;0,0048569
786; 3/31/2022; 03:41:10.635;0,0048565
787; 3/31/2022; 03:41:20.648;0,0048563
788; 3/31/2022; 03:41:30.660;0,0048577
789; 3/31/2022; 03:41:40.683;0,0048531
790; 3/31/2022; 03:41:50.689;0,0048569
791; 3/31/2022; 03:42:00.693;0,0048616
792; 3/31/2022; 03:42:10.717;0,0048599
793; 3/31/2022; 03:42:20.724;0,004858
794; 3/31/2022; 03:42:30.750;0,0048591
795; 3/31/2022; 03:42:40.760;0,0048608
796; 3/31/2022; 03:42:50.767;0,004865
797; 3/31/2022; 03:43:00.781;0,004868
798; 3/31/2022; 03:43:10.782;0,0048601
799; 3/31/2022; 03:43:20.799;0,004864
800; 3/31/2022; 03:43:30.800;0,0048632
801; 3/31/2022; 03:43:40.808;0,0048577
802; 3/31/2022; 03:43:50.808;0,0048638
803; 3/31/2022; 03:44:00.812;0,0048578
804; 3/31/2022; 03:44:10.817;0,0048557
805; 3/31/2022; 03:44:20.828;0,0048587
806; 3/31/2022; 03:44:30.836;0,0048615
807; 3/31/2022; 03:44:40.850;0,0048593
808; 3/31/2022; 03:44:50.856;0,0048582
809; 3/31/2022; 03:45:00.862;0,0048602
810; 3/31/2022; 03:45:10.871;0,004858
811; 3/31/2022; 03:45:20.126;0,0048621
812; 3/31/2022; 03:45:30.141;0,00487
813; 3/31/2022; 03:45:40.167;0,004863
814; 3/31/2022; 03:45:50.179;0,00486
815; 3/31/2022; 03:46:00.204;0,0048588
816; 3/31/2022; 03:46:10.213;0,0048601
817; 3/31/2022; 03:46:20.241;0,004863
818; 3/31/2022; 03:46:30.249;0,0048598
819; 3/31/2022; 03:46:40.257;0,0048616
820; 3/31/2022; 03:46:50.263;0,0048575
821; 3/31/2022; 03:47:00.267;0,0048586
822; 3/31/2022; 03:47:10.275;0,0048589
823; 3/31/2022; 03:47:20.278;0,0048603
824; 3/31/2022; 03:47:30.294;0,004864
825; 3/31/2022; 03:47:40.309;0,0048615
826; 3/31/2022; 03:47:50.309;0,0048582
827; 3/31/2022; 03:48:00.316;0,0048648
828; 3/31/2022; 03:48:10.317;0,0048609
829; 3/31/2022; 03:48:20.327;0,004863
830; 3/31/2022; 03:48:30.329;0,0048631
831; 3/31/2022; 03:48:40.335;0,0048641
832; 3/31/2022; 03:48:50.364;0,0048625
833; 3/31/2022; 03:49:00.372;0,0048608
834; 3/31/2022; 03:49:10.381;0,0048612
835; 3/31/2022; 03:49:20.388;0,0048571
836; 3/31/2022; 03:49:30.393;0,0048559
837; 3/31/2022; 03:49:40.397;0,0048591
838; 3/31/2022; 03:49:50.398;0,0048594
839; 3/31/2022; 03:50:00.404;0,0048641
840; 3/31/2022; 03:50:10.426;0,0048624
841; 3/31/2022; 03:50:20.430;0,0048615
842; 3/31/2022; 03:50:30.454;0,004863
843; 3/31/2022; 03:50:40.454;0,0048648
844; 3/31/2022; 03:50:50.470;0,0048584
845; 3/31/2022; 03:51:00.472;0,0048595
846; 3/31/2022; 03:51:10.502;0,0048557
847; 3/31/2022; 03:51:20.513;0,0048601
848; 3/31/2022; 03:51:30.513;0,0048588
849; 3/31/2022; 03:51:40.522;0,0048609
850; 3/31/2022; 03:51:50.532;0,0048729
851; 3/31/2022; 03:52:00.536;0,0048573
852; 3/31/2022; 03:52:10.538;0,0048603
853; 3/31/2022; 03:52:20.544;0,0048625
854; 3/31/2022; 03:52:30.550;0,0048666
855; 3/31/2022; 03:52:40.564;0,0048616
856; 3/31/2022; 03:52:50.573;0,0048556
857; 3/31/2022; 03:53:00.580;0,0048611
858; 3/31/2022; 03:53:10.581;0,004861
859; 3/31/2022; 03:53:20.608;0,0048565
860; 3/31/2022; 03:53:30.611;0,0048587
861; 3/31/2022; 03:53:40.634;0,0048623
862; 3/31/2022; 03:53:50.659;0,0048631
863; 3/31/2022; 03:54:00.675;0,0048628
864; 3/31/2022; 03:54:10.692;0,0048543
865; 3/31/2022; 03:54:20.717;0,0048597
866; 3/31/2022; 03:54:30.728;0,0048581
867; 3/31/2022; 03:54:40.758;0,0048574
868; 3/31/2022; 03:54:50.781;0,0048601
869; 3/31/2022; 03:55:00.807;0,0048626
870; 3/31/2022; 03:55:10.815;0,004862
871; 3/31/2022; 03:55:20.830;0,0048601
872; 3/31/2022; 03:55:30.836;0,0048596
873; 3/31/2022; 03:55:40.850;0,0048558
874; 3/31/2022; 03:55:50.861;0,0048585
875; 3/31/2022; 03:56:00.885;0,0048594
876; 3/31/2022; 03:56:10.147;0,0048629
877; 3/31/2022; 03:56:20.164;0,0048602
878; 3/31/2022; 03:56:30.167;0,0048607
879; 3/31/2022; 03:56:40.178;0,0048605
880; 3/31/2022; 03:56:50.181;0,0048624
881; 3/31/2022; 03:57:00.182;0,0048555
882; 3/31/2022; 03:57:10.183;0,0048583
883; 3/31/2022; 03:57:20.185;0,004859
884; 3/31/2022; 03:57:30.193;0,0048557
885; 3/31/2022; 03:57:40.204;0,0048539
886; 3/31/2022; 03:57:50.212;0,0048581
887; 3/31/2022; 03:58:00.220;0,0048569
888; 3/31/2022; 03:58:10.233;0,0048581
889; 3/31/2022; 03:58:20.234;0,0048603
890; 3/31/2022; 03:58:30.237;0,0048577
891; 3/31/2022; 03:58:40.256;0,0048564
892; 3/31/2022; 03:58:50.266;0,0048546
893; 3/31/2022; 03:59:00.295;0,0048525
894; 3/31/2022; 03:59:10.313;0,0048582
895; 3/31/2022; 03:59:20.315;0,0048545
896; 3/31/2022; 03:59:30.316;0,0048572
897; 3/31/2022; 03:59:40.321;0,0048538
898; 3/31/2022; 03:59:50.331;0,0048551
899; 3/31/2022; 04:00:00.334;0,0048579
900; 3/31/2022; 04:00:10.357;0,0048565
901; 3/31/2022; 04:00:20.370;0,0048537
902; 3/31/2022; 04:00:30.376;0,004856
903; 3/31/2022; 04:00:40.385;0,0048578
904; 3/31/2022; 04:00:50.392;0,0048537
905; 3/31/2022; 04:01:00.395;0,0048598
906; 3/31/2022; 04:01:10.410;0,0048545
907; 3/31/2022; 04:01:20.437;0,004857
908; 3/31/2022; 04:01:30.444;0,0048578
909; 3/31/2022; 04:01:40.446;0,0048551
910; 3/31/2022; 04:01:50.447;0,0048595
911; 3/31/2022; 04:02:00.460;0,0048585
912; 3/31/2022; 04:02:10.464;0,0048576
913; 3/31/2022; 04:02:20.467;0,0048608
914; 3/31/2022; 04:02:30.470;0,0048563
915; 3/31/2022; 04:02:40.494;0,0048537
916; 3/31/2022; 04:02:50.520;0,0048534
917; 3/31/2022; 04:03:00.523;0,0048546
918; 3/31/2022; 04:03:10.553;0,004852
919; 3/31/2022; 04:03:20.554;0,0048535
920; 3/31/2022; 04:03:30.579;0,0048532
921; 3/31/2022; 04:03:40.585;0,004856
922; 3/31/2022; 04:03:50.586;0,0048546
923; 3/31/2022; 04:04:00.604;0,0048566
924; 3/31/2022; 04:04:10.606;0,0048585
925; 3/31/2022; 04:04:20.631;0,0048546
926; 3/31/2022; 04:04:30.658;0,0048561
927; 3/31/2022; 04:04:40.678;0,0048572
928; 3/31/2022; 04:04:50.679;0,0048545
929; 3/31/2022; 04:05:00.694;0,0048554
930; 3/31/2022; 04:05:10.700;0,0048567
931; 3/31/2022; 04:05:20.706;0,0048576
932; 3/31/2022; 04:05:30.715;0,004854
933; 3/31/2022; 04:05:40.720;0,0048578
934; 3/31/2022; 04:05:50.723;0,0048559
935; 3/31/2022; 04:06:00.725;0,0048606
936; 3/31/2022; 04:06:10.734;0,0048603
937; 3/31/2022; 04:06:20.740;0,0048571
938; 3/31/2022; 04:06:30.754;0,0048615
939; 3/31/2022; 04:06:40.757;0,0048578
940; 3/31/2022; 04:06:50.761;0,0048606
941; 3/31/2022; 04:07:00.789;0,0048566
942; 3/31/2022; 04:07:10.818;0,0048543
943; 3/31/2022; 04:07:20.847;0,0048589
944; 3/31/2022; 04:07:30.850;0,0048589
945; 3/31/2022; 04:07:40.851;0,0048599
946; 3/31/2022; 04:07:50.855;0,0048554
947; 3/31/2022; 04:08:00.883;0,0048592
948; 3/31/2022; 04:08:10.135;0,0048599
949; 3/31/2022; 04:08:20.141;0,0048564
950; 3/31/2022; 04:08:30.150;0,0048543
951; 3/31/2022; 04:08:40.158;0,0048563
952; 3/31/2022; 04:08:50.163;0,0048604
953; 3/31/2022; 04:09:00.181;0,004855
954; 3/31/2022; 04:09:10.188;0,0048639
955; 3/31/2022; 04:09:20.194;0,0048557
956; 3/31/2022; 04:09:30.220;0,0048581
957; 3/31/2022; 04:09:40.248;0,0048552
958; 3/31/2022; 04:09:50.251;0,0048566
959; 3/31/2022; 04:10:00.264;0,0048554
960; 3/31/2022; 04:10:10.270;0,0048576
961; 3/31/2022; 04:10:20.274;0,0048574
962; 3/31/2022; 04:10:30.276;0,0048556
963; 3/31/2022; 04:10:40.305;0,0048562
964; 3/31/2022; 04:10:50.326;0,0048609
965; 3/31/2022; 04:11:00.351;0,0048566
966; 3/31/2022; 04:11:10.379;0,0048537
967; 3/31/2022; 04:11:20.391;0,0048581
968; 3/31/2022; 04:11:30.397;0,0048578
969; 3/31/2022; 04:11:40.412;0,004858
970; 3/31/2022; 04:11:50.436;0,0048576
971; 3/31/2022; 04:12:00.445;0,0048544
972; 3/31/2022; 04:12:10.447;0,0048572
973; 3/31/2022; 04:12:20.450;0,0048574
974; 3/31/2022; 04:12:30.474;0,0048558
975; 3/31/2022; 04:12:40.478;0,0048535
976; 3/31/2022; 04:12:50.487;0,0048537
977; 3/31/2022; 04:13:00.504;0,0048563
978; 3/31/2022; 04:13:10.526;0,0048573
979; 3/31/2022; 04:13:20.531;0,0048558
980; 3/31/2022; 04:13:30.535;0,0048541
981; 3/31/2022; 04:13:40.564;0,004852
982; 3/31/2022; 04:13:50.568;0,0048557
983; 3/31/2022; 04:14:00.593;0,0048534
984; 3/31/2022; 04:14:10.603;0,0048542
985; 3/31/2022; 04:14:20.612;0,0048532
986; 3/31/2022; 04:14:30.635;0,0048556
987; 3/31/2022; 04:14:40.661;0,0048596
988; 3/31/2022; 04:14:50.675;0,0048563
989; 3/31/2022; 04:15:00.705;0,004856
990; 3/31/2022; 04:15:10.715;0,0048511
991; 3/31/2022; 04:15:20.738;0,0048537
992; 3/31/2022; 04:15:30.746;0,004856
993; 3/31/2022; 04:15:40.747;0,0048529
994; 3/31/2022; 04:15:50.769;0,0048539
995; 3/31/2022; 04:16:00.778;0,0048515
996; 3/31/2022; 04:16:10.795;0,00485
997; 3/31/2022; 04:16:20.824;0,0048501
998; 3/31/2022; 04:16:30.847;0,0048489
999; 3/31/2022; 04:16:40.877;0,0048557
1000; 3/31/2022; 04:16:50.157;0,0048503
1001; 3/31/2022; 04:17:00.161;0,0048534
1002; 3/31/2022; 04:17:10.162;0,0048539
1003; 3/31/2022; 04:17:20.165;0,0048536
1004; 3/31/2022; 04:17:30.191;0,0048532
1005; 3/31/2022; 04:17:40.192;0,0048511
1006; 3/31/2022; 04:17:50.196;0,0048536
1007; 3/31/2022; 04:18:00.222;0,00485
1008; 3/31/2022; 04:18:10.231;0,0048531
1009; 3/31/2022; 04:18:20.232;0,0048524
1010; 3/31/2022; 04:18:30.241;0,004851
1011; 3/31/2022; 04:18:40.268;0,0048526
1012; 3/31/2022; 04:18:50.290;0,0048534
1013; 3/31/2022; 04:19:00.294;0,0048561
1014; 3/31/2022; 04:19:10.320;0,0048551
1015; 3/31/2022; 04:19:20.348;0,0048518
1016; 3/31/2022; 04:19:30.354;0,0048532
1017; 3/31/2022; 04:19:40.367;0,0048564
1018; 3/31/2022; 04:19:50.393;0,0048516
1019; 3/31/2022; 04:20:00.397;0,0048514
1020; 3/31/2022; 04:20:10.403;0,0048509
1021; 3/31/2022; 04:20:20.420;0,0048534
1022; 3/31/2022; 04:20:30.428;0,0048519
1023; 3/31/2022; 04:20:40.434;0,0048514
1024; 3/31/2022; 04:20:50.438;0,0048481
1025; 3/31/2022; 04:21:00.468;0,00485
1026; 3/31/2022; 04:21:10.491;0,0048471
1027; 3/31/2022; 04:21:20.495;0,0048503
1028; 3/31/2022; 04:21:30.504;0,0048495
1029; 3/31/2022; 04:21:40.517;0,004849
1030; 3/31/2022; 04:21:50.518;0,0048522
1031; 3/31/2022; 04:22:00.533;0,0048474
1032; 3/31/2022; 04:22:10.560;0,0048469
1033; 3/31/2022; 04:22:20.583;0,0048503
1034; 3/31/2022; 04:22:30.605;0,0048474
1035; 3/31/2022; 04:22:40.613;0,0048523
1036; 3/31/2022; 04:22:50.614;0,0048523
1037; 3/31/2022; 04:23:00.639;0,0048504
1038; 3/31/2022; 04:23:10.646;0,0048507
1039; 3/31/2022; 04:23:20.676;0,0048474
1040; 3/31/2022; 04:23:30.701;0,0048483
1041; 3/31/2022; 04:23:40.704;0,0048501
1042; 3/31/2022; 04:23:50.709;0,00485
1043; 3/31/2022; 04:24:00.738;0,0048497
1044; 3/31/2022; 04:24:10.762;0,0048481
1045; 3/31/2022; 04:24:20.767;0,0048483
1046; 3/31/2022; 04:24:30.779;0,0048503
1047; 3/31/2022; 04:24:40.786;0,0048492
1048; 3/31/2022; 04:24:50.790;0,0048493
1049; 3/31/2022; 04:25:00.793;0,0048486
1050; 3/31/2022; 04:25:10.821;0,0048465
1051; 3/31/2022; 04:25:20.833;0,0048456
1052; 3/31/2022; 04:25:30.843;0,0048503
1053; 3/31/2022; 04:25:40.848;0,0048503
1054; 3/31/2022; 04:25:50.879;0,0048481
1055; 3/31/2022; 04:26:00.151;0,0048488
1056; 3/31/2022; 04:26:10.152;0,0048488
1057; 3/31/2022; 04:26:20.159;0,0048489
1058; 3/31/2022; 04:26:30.163;0,0048493
1059; 3/31/2022; 04:26:40.167;0,0048495
1060; 3/31/2022; 04:26:50.173;0,0048505
1061; 3/31/2022; 04:27:00.178;0,0048494
1062; 3/31/2022; 04:27:10.189;0,0048502
1063; 3/31/2022; 04:27:20.199;0,0048469
1064; 3/31/2022; 04:27:30.202;0,0048501
1065; 3/31/2022; 04:27:40.217;0,0048517
1066; 3/31/2022; 04:27:50.222;0,0048526
1067; 3/31/2022; 04:28:00.232;0,0048526
1068; 3/31/2022; 04:28:10.237;0,0048522
1069; 3/31/2022; 04:28:20.251;0,0048482
1070; 3/31/2022; 04:28:30.274;0,0048495
1071; 3/31/2022; 04:28:40.304;0,0048534
1072; 3/31/2022; 04:28:50.311;0,0048488
1073; 3/31/2022; 04:29:00.330;0,0048501
1074; 3/31/2022; 04:29:10.347;0,004847
1075; 3/31/2022; 04:29:20.361;0,0048524
1076; 3/31/2022; 04:29:30.373;0,0048513
1077; 3/31/2022; 04:29:40.385;0,0048509
1078; 3/31/2022; 04:29:50.397;0,0048517
1079; 3/31/2022; 04:30:00.414;0,0048464
1080; 3/31/2022; 04:30:10.443;0,0048508
1081; 3/31/2022; 04:30:20.448;0,0048502
1082; 3/31/2022; 04:30:30.477;0,0048528
1083; 3/31/2022; 04:30:40.483;0,0048487
1084; 3/31/2022; 04:30:50.485;0,0048506
1085; 3/31/2022; 04:31:00.494;0,0048512
1086; 3/31/2022; 04:31:10.515;0,0048551
1087; 3/31/2022; 04:31:20.516;0,0048523
1088; 3/31/2022; 04:31:30.524;0,0048548
1089; 3/31/2022; 04:31:40.530;0,0048514
1090; 3/31/2022; 04:31:50.546;0,0048503
1091; 3/31/2022; 04:32:00.547;0,0048525
1092; 3/31/2022; 04:32:10.564;0,0048496
1093; 3/31/2022; 04:32:20.567;0,0048494
1094; 3/31/2022; 04:32:30.584;0,0048497
1095; 3/31/2022; 04:32:40.593;0,0048499
1096; 3/31/2022; 04:32:50.598;0,0048508
1097; 3/31/2022; 04:33:00.627;0,004853
1098; 3/31/2022; 04:33:10.632;0,0048566
1099; 3/31/2022; 04:33:20.660;0,0048515
1100; 3/31/2022; 04:33:30.672;0,0048522
1101; 3/31/2022; 04:33:40.684;0,0048566
1102; 3/31/2022; 04:33:50.687;0,0048484
1103; 3/31/2022; 04:34:00.703;0,0048531
1104; 3/31/2022; 04:34:10.712;0,0048524
1105; 3/31/2022; 04:34:20.717;0,004852
1106; 3/31/2022; 04:34:30.724;0,0048509
1107; 3/31/2022; 04:34:40.755;0,0048524
1108; 3/31/2022; 04:34:50.765;0,0048558
1109; 3/31/2022; 04:35:00.777;0,0048549
1110; 3/31/2022; 04:35:10.792;0,0048528
1111; 3/31/2022; 04:35:20.820;0,0048547
1112; 3/31/2022; 04:35:30.834;0,004855
1113; 3/31/2022; 04:35:40.853;0,0048527
1114; 3/31/2022; 04:35:50.857;0,0048568
1115; 3/31/2022; 04:36:00.858;0,0048613
1116; 3/31/2022; 04:36:10.865;0,0048482
1117; 3/31/2022; 04:36:20.894;0,0048539
1118; 3/31/2022; 04:36:30.167;0,004853
1119; 3/31/2022; 04:36:40.196;0,0048509
1120; 3/31/2022; 04:36:50.210;0,004853
1121; 3/31/2022; 04:37:00.219;0,0048571
1122; 3/31/2022; 04:37:10.244;0,0048547
1123; 3/31/2022; 04:37:20.251;0,0048558
1124; 3/31/2022; 04:37:30.258;0,0048538
1125; 3/31/2022; 04:37:40.287;0,0048566
1126; 3/31/2022; 04:37:50.290;0,004855
1127; 3/31/2022; 04:38:00.317;0,0048553
1128; 3/31/2022; 04:38:10.345;0,0048539
1129; 3/31/2022; 04:38:20.348;0,0048515
1130; 3/31/2022; 04:38:30.357;0,0048562
1131; 3/31/2022; 04:38:40.361;0,0048566
1132; 3/31/2022; 04:38:50.391;0,0048568
1133; 3/31/2022; 04:39:00.417;0,0048536
1134; 3/31/2022; 04:39:10.425;0,0048538
1135; 3/31/2022; 04:39:20.426;0,0048595
1136; 3/31/2022; 04:39:30.432;0,0048599
1137; 3/31/2022; 04:39:40.459;0,0048579
1138; 3/31/2022; 04:39:50.463;0,0048553
1139; 3/31/2022; 04:40:00.489;0,004856
1140; 3/31/2022; 04:40:10.490;0,0048556
1141; 3/31/2022; 04:40:20.499;0,0048568
1142; 3/31/2022; 04:40:30.512;0,0048565
1143; 3/31/2022; 04:40:40.536;0,0048555
1144; 3/31/2022; 04:40:50.557;0,0048544
1145; 3/31/2022; 04:41:00.558;0,0048551
1146; 3/31/2022; 04:41:10.566;0,0048582
1147; 3/31/2022; 04:41:20.588;0,0048536
1148; 3/31/2022; 04:41:30.590;0,0048543
1149; 3/31/2022; 04:41:40.598;0,0048546
1150; 3/31/2022; 04:41:50.627;0,0048518
1151; 3/31/2022; 04:42:00.655;0,0048554
1152; 3/31/2022; 04:42:10.664;0,0048516
1153; 3/31/2022; 04:42:20.675;0,0048543
1154; 3/31/2022; 04:42:30.676;0,0048578
1155; 3/31/2022; 04:42:40.682;0,004857
1156; 3/31/2022; 04:42:50.688;0,0048557
1157; 3/31/2022; 04:43:00.716;0,0048569
1158; 3/31/2022; 04:43:10.726;0,0048522
1159; 3/31/2022; 04:43:20.756;0,0048585
1160; 3/31/2022; 04:43:30.766;0,0048555
1161; 3/31/2022; 04:43:40.768;0,0048547
1162; 3/31/2022; 04:43:50.797;0,0048593
1163; 3/31/2022; 04:44:00.798;0,0048627
1164; 3/31/2022; 04:44:10.806;0,0048555
1165; 3/31/2022; 04:44:20.836;0,0048579
1166; 3/31/2022; 04:44:30.864;0,004858
1167; 3/31/2022; 04:44:40.865;0,0048542
1168; 3/31/2022; 04:44:50.887;0,0048587
1169; 3/31/2022; 04:45:00.159;0,004862
1170; 3/31/2022; 04:45:10.175;0,004854
1171; 3/31/2022; 04:45:20.177;0,0048586
1172; 3/31/2022; 04:45:30.197;0,0048571
1173; 3/31/2022; 04:45:40.206;0,0048616
1174; 3/31/2022; 04:45:50.207;0,0048576
1175; 3/31/2022; 04:46:00.214;0,0048567
1176; 3/31/2022; 04:46:10.233;0,0048664
1177; 3/31/2022; 04:46:20.254;0,004862
1178; 3/31/2022; 04:46:30.262;0,0048565
1179; 3/31/2022; 04:46:40.278;0,0048553
1180; 3/31/2022; 04:46:50.285;0,0048576
1181; 3/31/2022; 04:47:00.286;0,0048546
1182; 3/31/2022; 04:47:10.302;0,0048539
1183; 3/31/2022; 04:47:20.302;0,0048534
1184; 3/31/2022; 04:47:30.306;0,0048567
1185; 3/31/2022; 04:47:40.314;0,0048592
1186; 3/31/2022; 04:47:50.321;0,0048529
1187; 3/31/2022; 04:48:00.323;0,0048582
1188; 3/31/2022; 04:48:10.344;0,0048587
1189; 3/31/2022; 04:48:20.350;0,0048568
1190; 3/31/2022; 04:48:30.360;0,0048588
1191; 3/31/2022; 04:48:40.370;0,0048609
1192; 3/31/2022; 04:48:50.379;0,0048552
1193; 3/31/2022; 04:49:00.382;0,0048556
1194; 3/31/2022; 04:49:10.385;0,0048573
1195; 3/31/2022; 04:49:20.399;0,0048556
1196; 3/31/2022; 04:49:30.429;0,0048591
1197; 3/31/2022; 04:49:40.458;0,004854
1198; 3/31/2022; 04:49:50.463;0,0048582
1199; 3/31/2022; 04:50:00.477;0,0048588
1200; 3/31/2022; 04:50:10.480;0,0048524
1201; 3/31/2022; 04:50:20.489;0,0048568
1202; 3/31/2022; 04:50:30.495;0,0048557
1203; 3/31/2022; 04:50:40.498;0,0048555
1204; 3/31/2022; 04:50:50.505;0,0048524
1205; 3/31/2022; 04:51:00.506;0,0048539
1206; 3/31/2022; 04:51:10.534;0,0048553
1207; 3/31/2022; 04:51:20.561;0,0048546
1208; 3/31/2022; 04:51:30.562;0,004855
1209; 3/31/2022; 04:51:40.590;0,0048579
1210; 3/31/2022; 04:51:50.591;0,0048529
1211; 3/31/2022; 04:52:00.596;0,0048589
1212; 3/31/2022; 04:52:10.611;0,004864
1213; 3/31/2022; 04:52:20.618;0,0048669
1214; 3/31/2022; 04:52:30.622;0,0048548
1215; 3/31/2022; 04:52:40.622;0,0048557
1216; 3/31/2022; 04:52:50.651;0,0048594
1217; 3/31/2022; 04:53:00.667;0,0048572
1218; 3/31/2022; 04:53:10.682;0,0048581
1219; 3/31/2022; 04:53:20.693;0,0048605
1220; 3/31/2022; 04:53:30.704;0,0048576
1221; 3/31/2022; 04:53:40.707;0,0048546
1222; 3/31/2022; 04:53:50.715;0,0048639
1223; 3/31/2022; 04:54:00.716;0,0048605
1224; 3/31/2022; 04:54:10.723;0,0048618
1225; 3/31/2022; 04:54:20.727;0,0048603
1226; 3/31/2022; 04:54:30.728;0,0048648
1227; 3/31/2022; 04:54:40.746;0,0048576
1228; 3/31/2022; 04:54:50.776;0,0048591
1229; 3/31/2022; 04:55:00.779;0,0048625
1230; 3/31/2022; 04:55:10.788;0,004864
1231; 3/31/2022; 04:55:20.796;0,0048578
1232; 3/31/2022; 04:55:30.821;0,0048594
1233; 3/31/2022; 04:55:40.825;0,0048602
1234; 3/31/2022; 04:55:50.843;0,00486
1235; 3/31/2022; 04:56:00.855;0,0048634
1236; 3/31/2022; 04:56:10.861;0,0048614
1237; 3/31/2022; 04:56:20.873;0,0048605
1238; 3/31/2022; 04:56:30.146;0,0048595
1239; 3/31/2022; 04:56:40.172;0,0048632
1240; 3/31/2022; 04:56:50.175;0,0048614
1241; 3/31/2022; 04:57:00.185;0,0048617
1242; 3/31/2022; 04:57:10.192;0,0048553
1243; 3/31/2022; 04:57:20.196;0,0048585
1244; 3/31/2022; 04:57:30.204;0,0048582
1245; 3/31/2022; 04:57:40.209;0,0048599
1246; 3/31/2022; 04:57:50.233;0,0048617
1247; 3/31/2022; 04:58:00.261;0,0048609
1248; 3/31/2022; 04:58:10.272;0,0048602
1249; 3/31/2022; 04:58:20.275;0,0048593
1250; 3/31/2022; 04:58:30.292;0,0048586
1251; 3/31/2022; 04:58:40.296;0,0048623
1252; 3/31/2022; 04:58:50.323;0,0048619
1253; 3/31/2022; 04:59:00.326;0,004857
1254; 3/31/2022; 04:59:10.336;0,0048621
1255; 3/31/2022; 04:59:20.366;0,0048664
1256; 3/31/2022; 04:59:30.376;0,0048615
1257; 3/31/2022; 04:59:40.377;0,0048582
1258; 3/31/2022; 04:59:50.381;0,0048596
1259; 3/31/2022; 05:00:00.386;0,0048594
1260; 3/31/2022; 05:00:10.395;0,0048614
1261; 3/31/2022; 05:00:20.404;0,0048622
1262; 3/31/2022; 05:00:30.410;0,0048592
1263; 3/31/2022; 05:00:40.415;0,0048572
1264; 3/31/2022; 05:00:50.421;0,0048593
1265; 3/31/2022; 05:01:00.427;0,0048678
1266; 3/31/2022; 05:01:10.441;0,0048626
1267; 3/31/2022; 05:01:20.447;0,0048616
1268; 3/31/2022; 05:01:30.454;0,0048611
1269; 3/31/2022; 05:01:40.457;0,0048579
1270; 3/31/2022; 05:01:50.476;0,0048613
1271; 3/31/2022; 05:02:00.483;0,0048614
1272; 3/31/2022; 05:02:10.489;0,0048574
1273; 3/31/2022; 05:02:20.513;0,0048584
1274; 3/31/2022; 05:02:30.532;0,0048599
1275; 3/31/2022; 05:02:40.541;0,0048637
1276; 3/31/2022; 05:02:50.571;0,004859
1277; 3/31/2022; 05:03:00.587;0,0048578
1278; 3/31/2022; 05:03:10.607;0,0048655
1279; 3/31/2022; 05:03:20.636;0,0048631
1280; 3/31/2022; 05:03:30.649;0,0048596
1281; 3/31/2022; 05:03:40.655;0,004861
1282; 3/31/2022; 05:03:50.662;0,0048633
1283; 3/31/2022; 05:04:00.665;0,0048565
1284; 3/31/2022; 05:04:10.671;0,0048612
1285; 3/31/2022; 05:04:20.695;0,0048593
1286; 3/31/2022; 05:04:30.705;0,0048585
1287; 3/31/2022; 05:04:40.733;0,0048602
1288; 3/31/2022; 05:04:50.746;0,0048612
1289; 3/31/2022; 05:05:00.762;0,0048597
1290; 3/31/2022; 05:05:10.775;0,0048629
1291; 3/31/2022; 05:05:20.784;0,0048637
1292; 3/31/2022; 05:05:30.805;0,0048546
1293; 3/31/2022; 05:05:40.830;0,0048564
1294; 3/31/2022; 05:05:50.837;0,0048627
1295; 3/31/2022; 05:06:00.838;0,00486
1296; 3/31/2022; 05:06:10.859;0,0048596
1297; 3/31/2022; 05:06:20.863;0,0048574
1298; 3/31/2022; 05:06:30.873;0,0048585
1299; 3/31/2022; 05:06:40.134;0,0048582
1300; 3/31/2022; 05:06:50.156;0,0048573
1301; 3/31/2022; 05:07:00.183;0,004853
1302; 3/31/2022; 05:07:10.209;0,0048577
1303; 3/31/2022; 05:07:20.223;0,0048605
1304; 3/31/2022; 05:07:30.224;0,0048632
1305; 3/31/2022; 05:07:40.248;0,0048531
1306; 3/31/2022; 05:07:50.278;0,0048573
1307; 3/31/2022; 05:08:00.294;0,0048571
1308; 3/31/2022; 05:08:10.305;0,0048556
1309; 3/31/2022; 05:08:20.333;0,004858
1310; 3/31/2022; 05:08:30.335;0,0048605
1311; 3/31/2022; 05:08:40.345;0,0048603
1312; 3/31/2022; 05:08:50.373;0,0048571
1313; 3/31/2022; 05:09:00.376;0,004856
1314; 3/31/2022; 05:09:10.401;0,0048577
1315; 3/31/2022; 05:09:20.409;0,0048594
1316; 3/31/2022; 05:09:30.414;0,0048571
1317; 3/31/2022; 05:09:40.423;0,004855
1318; 3/31/2022; 05:09:50.425;0,0048625
1319; 3/31/2022; 05:10:00.448;0,0048614
1320; 3/31/2022; 05:10:10.473;0,004861
1321; 3/31/2022; 05:10:20.492;0,0048563
1322; 3/31/2022; 05:10:30.497;0,0048545
1323; 3/31/2022; 05:10:40.501;0,0048127
1324; 3/31/2022; 05:10:50.503;0,0047811
1325; 3/31/2022; 05:11:00.523;0,0048309
1326; 3/31/2022; 05:11:10.548;0,0047363
1327; 3/31/2022; 05:11:20.568;0,00483
1328; 3/31/2022; 05:11:30.575;0,0048489
1329; 3/31/2022; 05:11:40.586;0,0048603
1330; 3/31/2022; 05:11:50.593;0,0048639
1331; 3/31/2022; 05:12:00.620;0,0048652
1332; 3/31/2022; 05:12:10.641;0,0048566
1333; 3/31/2022; 05:12:20.668;0,0048583
1334; 3/31/2022; 05:12:30.678;0,004861
1335; 3/31/2022; 05:12:40.688;0,0048573
1336; 3/31/2022; 05:12:50.691;0,004861
1337; 3/31/2022; 05:13:00.692;0,0048601
1338; 3/31/2022; 05:13:10.715;0,0048541
1339; 3/31/2022; 05:13:20.723;0,0048558
1340; 3/31/2022; 05:13:30.740;0,0048615
1341; 3/31/2022; 05:13:40.759;0,0048611
1342; 3/31/2022; 05:13:50.782;0,0048638
1343; 3/31/2022; 05:14:00.805;0,00486
1344; 3/31/2022; 05:14:10.830;0,0048611
1345; 3/31/2022; 05:14:20.859;0,00486
1346; 3/31/2022; 05:14:30.886;0,0048621
1347; 3/31/2022; 05:14:40.162;0,0048611
1348; 3/31/2022; 05:14:50.173;0,0048575
1349; 3/31/2022; 05:15:00.185;0,0048624
1350; 3/31/2022; 05:15:10.212;0,0048585
1351; 3/31/2022; 05:15:20.234;0,0048577
1352; 3/31/2022; 05:15:30.242;0,004859
1353; 3/31/2022; 05:15:40.251;0,0048596
1354; 3/31/2022; 05:15:50.259;0,0048619
1355; 3/31/2022; 05:16:00.289;0,0048621
1356; 3/31/2022; 05:16:10.312;0,0048571
1357; 3/31/2022; 05:16:20.337;0,0048637
1358; 3/31/2022; 05:16:30.365;0,0048597
1359; 3/31/2022; 05:16:40.368;0,004859
1360; 3/31/2022; 05:16:50.396;0,0048592
1361; 3/31/2022; 05:17:00.414;0,0048597
1362; 3/31/2022; 05:17:10.436;0,004859
1363; 3/31/2022; 05:17:20.458;0,0048597
1364; 3/31/2022; 05:17:30.477;0,0048564
1365; 3/31/2022; 05:17:40.485;0,0048561
1366; 3/31/2022; 05:17:50.492;0,0048595
1367; 3/31/2022; 05:18:00.496;0,0048616
1368; 3/31/2022; 05:18:10.515;0,0048561
1369; 3/31/2022; 05:18:20.520;0,0048562
1370; 3/31/2022; 05:18:30.520;0,0048577
1371; 3/31/2022; 05:18:40.545;0,0048574
1372; 3/31/2022; 05:18:50.558;0,0048592
1373; 3/31/2022; 05:19:00.558;0,0048576
1374; 3/31/2022; 05:19:10.565;0,0048609
1375; 3/31/2022; 05:19:20.571;0,0048616
1376; 3/31/2022; 05:19:30.586;0,0048566
1377; 3/31/2022; 05:19:40.599;0,0048598
1378; 3/31/2022; 05:19:50.602;0,0048602
1379; 3/31/2022; 05:20:00.608;0,0048609
1380; 3/31/2022; 05:20:10.617;0,004862
1381; 3/31/2022; 05:20:20.633;0,0048646
1382; 3/31/2022; 05:20:30.662;0,0048606
1383; 3/31/2022; 05:20:40.674;0,0048639
1384; 3/31/2022; 05:20:50.699;0,0048595
1385; 3/31/2022; 05:21:00.716;0,0048624
1386; 3/31/2022; 05:21:10.733;0,0048601
1387; 3/31/2022; 05:21:20.747;0,0048623
1388; 3/31/2022; 05:21:30.760;0,0048654
1389; 3/31/2022; 05:21:40.783;0,0048584
1390; 3/31/2022; 05:21:50.810;0,0048628
1391; 3/31/2022; 05:22:00.828;0,0048617
1392; 3/31/2022; 05:22:10.845;0,0048612
1393; 3/31/2022; 05:22:20.860;0,0048618
1394; 3/31/2022; 05:22:30.882;0,0048613
1395; 3/31/2022; 05:22:40.154;0,0048597
1396; 3/31/2022; 05:22:50.157;0,0048559
1397; 3/31/2022; 05:23:00.165;0,004857
1398; 3/31/2022; 05:23:10.177;0,004858
1399; 3/31/2022; 05:23:20.184;0,0048606
1400; 3/31/2022; 05:23:30.185;0,0048631
1401; 3/31/2022; 05:23:40.195;0,0048651
1402; 3/31/2022; 05:23:50.223;0,0048606
1403; 3/31/2022; 05:24:00.234;0,0048608
1404; 3/31/2022; 05:24:10.249;0,0048619
1405; 3/31/2022; 05:24:20.267;0,0048613
1406; 3/31/2022; 05:24:30.274;0,004861
1407; 3/31/2022; 05:24:40.295;0,0048612
1408; 3/31/2022; 05:24:50.310;0,0048616
1409; 3/31/2022; 05:25:00.332;0,0048658
1410; 3/31/2022; 05:25:10.348;0,0048684
1411; 3/31/2022; 05:25:20.351;0,004862
1412; 3/31/2022; 05:25:30.358;0,0048606
1413; 3/31/2022; 05:25:40.371;0,004864
1414; 3/31/2022; 05:25:50.373;0,0048572
1415; 3/31/2022; 05:26:00.394;0,0048592
1416; 3/31/2022; 05:26:10.412;0,0048616
1417; 3/31/2022; 05:26:20.431;0,0048614
1418; 3/31/2022; 05:26:30.459;0,0048589
1419; 3/31/2022; 05:26:40.474;0,0048617
1420; 3/31/2022; 05:26:50.483;0,004857
1421; 3/31/2022; 05:27:00.485;0,0048589
1422; 3/31/2022; 05:27:10.511;0,004862
1423; 3/31/2022; 05:27:20.528;0,0048624
1424; 3/31/2022; 05:27:30.544;0,0048657
1425; 3/31/2022; 05:27:40.561;0,0048608
1426; 3/31/2022; 05:27:50.571;0,004857
1427; 3/31/2022; 05:28:00.576;0,0048572
1428; 3/31/2022; 05:28:10.604;0,0048595
1429; 3/31/2022; 05:28:20.627;0,0048595
1430; 3/31/2022; 05:28:30.643;0,0048584
1431; 3/31/2022; 05:28:40.661;0,0048606
1432; 3/31/2022; 05:28:50.664;0,0048588
1433; 3/31/2022; 05:29:00.676;0,0048606
1434; 3/31/2022; 05:29:10.692;0,0048571
1435; 3/31/2022; 05:29:20.704;0,0048614
1436; 3/31/2022; 05:29:30.704;0,004858
1437; 3/31/2022; 05:29:40.713;0,0048585
1438; 3/31/2022; 05:29:50.716;0,004859
1439; 3/31/2022; 05:30:00.736;0,0048608
1440; 3/31/2022; 05:30:10.754;0,00486
1441; 3/31/2022; 05:30:20.781;0,0048592
1442; 3/31/2022; 05:30:30.796;0,0048609
1443; 3/31/2022; 05:30:40.800;0,0048602
1444; 3/31/2022; 05:30:50.816;0,0048641
1445; 3/31/2022; 05:31:00.837;0,0048604
1446; 3/31/2022; 05:31:10.864;0,0048635
1447; 3/31/2022; 05:31:20.867;0,0048598
1448; 3/31/2022; 05:31:30.871;0,0048609
1449; 3/31/2022; 05:31:40.150;0,0048669
1450; 3/31/2022; 05:31:50.155;0,0048606
1451; 3/31/2022; 05:32:00.172;0,0048623
1452; 3/31/2022; 05:32:10.183;0,0048604
1453; 3/31/2022; 05:32:20.189;0,0048592
1454; 3/31/2022; 05:32:30.218;0,0048634
1455; 3/31/2022; 05:32:40.239;0,0048614
1456; 3/31/2022; 05:32:50.261;0,0048591
1457; 3/31/2022; 05:33:00.272;0,0048572
1458; 3/31/2022; 05:33:10.288;0,0048591
1459; 3/31/2022; 05:33:20.304;0,0048682
1460; 3/31/2022; 05:33:30.313;0,0048615
1461; 3/31/2022; 05:33:40.334;0,0048616
1462; 3/31/2022; 05:33:50.347;0,0048592
1463; 3/31/2022; 05:34:00.364;0,0048615
1464; 3/31/2022; 05:34:10.376;0,0048613
1465; 3/31/2022; 05:34:20.387;0,0048628
1466; 3/31/2022; 05:34:30.394;0,0048609
1467; 3/31/2022; 05:34:40.423;0,0048556
1468; 3/31/2022; 05:34:50.427;0,0048614
1469; 3/31/2022; 05:35:00.445;0,0048597
1470; 3/31/2022; 05:35:10.452;0,0048579
1471; 3/31/2022; 05:35:20.476;0,0048595
1472; 3/31/2022; 05:35:30.484;0,0048567
1473; 3/31/2022; 05:35:40.514;0,0048627
1474; 3/31/2022; 05:35:50.533;0,0048605
1475; 3/31/2022; 05:36:00.555;0,0048649
1476; 3/31/2022; 05:36:10.565;0,0048612
1477; 3/31/2022; 05:36:20.578;0,0048602
1478; 3/31/2022; 05:36:30.593;0,0048592
1479; 3/31/2022; 05:36:40.608;0,0048692
1480; 3/31/2022; 05:36:50.628;0,0048699
1481; 3/31/2022; 05:37:00.656;0,0048666
1482; 3/31/2022; 05:37:10.666;0,0048648
1483; 3/31/2022; 05:37:20.675;0,0048677
1484; 3/31/2022; 05:37:30.683;0,004859
1485; 3/31/2022; 05:37:40.699;0,0048649
1486; 3/31/2022; 05:37:50.707;0,0048583
1487; 3/31/2022; 05:38:00.718;0,0048637
1488; 3/31/2022; 05:38:10.739;0,0048626
1489; 3/31/2022; 05:38:20.746;0,0048615
1490; 3/31/2022; 05:38:30.774;0,0048592
1491; 3/31/2022; 05:38:40.792;0,0048591
1492; 3/31/2022; 05:38:50.807;0,0048594
1493; 3/31/2022; 05:39:00.837;0,0048621
1494; 3/31/2022; 05:39:10.838;0,0048553
1495; 3/31/2022; 05:39:20.840;0,0048571
1496; 3/31/2022; 05:39:30.867;0,0048593
1497; 3/31/2022; 05:39:40.870;0,0048591
1498; 3/31/2022; 05:39:50.145;0,004858
1499; 3/31/2022; 05:40:00.158;0,0048559
1500; 3/31/2022; 05:40:10.178;0,0048565
1501; 3/31/2022; 05:40:20.194;0,0048594
1502; 3/31/2022; 05:40:30.215;0,004857
1503; 3/31/2022; 05:40:40.228;0,0048534
1504; 3/31/2022; 05:40:50.242;0,0048552
1505; 3/31/2022; 05:41:00.268;0,004856
1506; 3/31/2022; 05:41:10.276;0,0048544
1507; 3/31/2022; 05:41:20.303;0,0048581
1508; 3/31/2022; 05:41:30.303;0,0048564
1509; 3/31/2022; 05:41:40.314;0,0048573
1510; 3/31/2022; 05:41:50.323;0,0048607
1511; 3/31/2022; 05:42:00.342;0,0048598
1512; 3/31/2022; 05:42:10.358;0,0048598
1513; 3/31/2022; 05:42:20.362;0,004859
1514; 3/31/2022; 05:42:30.391;0,0048585
1515; 3/31/2022; 05:42:40.413;0,0048614
1516; 3/31/2022; 05:42:50.437;0,004858
1517; 3/31/2022; 05:43:00.442;0,0048584
1518; 3/31/2022; 05:43:10.444;0,0048563
1519; 3/31/2022; 05:43:20.451;0,004857
1520; 3/31/2022; 05:43:30.452;0,0048552
1521; 3/31/2022; 05:43:40.456;0,0048566
1522; 3/31/2022; 05:43:50.465;0,0048574
1523; 3/31/2022; 05:44:00.487;0,0048576
1524; 3/31/2022; 05:44:10.495;0,0048625
1525; 3/31/2022; 05:44:20.514;0,0048576
1526; 3/31/2022; 05:44:30.526;0,004863
1527; 3/31/2022; 05:44:40.555;0,0048599
1528; 3/31/2022; 05:44:50.584;0,0048628
1529; 3/31/2022; 05:45:00.597;0,0048563
1530; 3/31/2022; 05:45:10.601;0,0048529
1531; 3/31/2022; 05:45:20.604;0,0048605
1532; 3/31/2022; 05:45:30.604;0,004856
1533; 3/31/2022; 05:45:40.615;0,0048589
1534; 3/31/2022; 05:45:50.634;0,0048533
1535; 3/31/2022; 05:46:00.639;0,004858
1536; 3/31/2022; 05:46:10.654;0,0048565
1537; 3/31/2022; 05:46:20.666;0,0048617
1538; 3/31/2022; 05:46:30.682;0,0048595
1539; 3/31/2022; 05:46:40.696;0,004866
1540; 3/31/2022; 05:46:50.710;0,0048616
1541; 3/31/2022; 05:47:00.713;0,0048596
1542; 3/31/2022; 05:47:10.721;0,0048637
1543; 3/31/2022; 05:47:20.725;0,0048613
1544; 3/31/2022; 05:47:30.728;0,0048567
1545; 3/31/2022; 05:47:40.737;0,0048551
1546; 3/31/2022; 05:47:50.737;0,0048524
1547; 3/31/2022; 05:48:00.752;0,0048587
1548; 3/31/2022; 05:48:10.758;0,0048516
1549; 3/31/2022; 05:48:20.764;0,0048578
1550; 3/31/2022; 05:48:30.770;0,0048609
1551; 3/31/2022; 05:48:40.774;0,0048549
1552; 3/31/2022; 05:48:50.784;0,0048539
1553; 3/31/2022; 05:49:00.791;0,0048581
1554; 3/31/2022; 05:49:10.808;0,0048522
1555; 3/31/2022; 05:49:20.813;0,0048567
1556; 3/31/2022; 05:49:30.827;0,004856
1557; 3/31/2022; 05:49:40.848;0,0048542
1558; 3/31/2022; 05:49:50.863;0,0048564
1559; 3/31/2022; 05:50:00.891;0,0048578
1560; 3/31/2022; 05:50:10.141;0,0048569
1561; 3/31/2022; 05:50:20.145;0,004855
1562; 3/31/2022; 05:50:30.174;0,0048556
1563; 3/31/2022; 05:50:40.179;0,0048543
1564; 3/31/2022; 05:50:50.182;0,0048514
1565; 3/31/2022; 05:51:00.187;0,0048558
1566; 3/31/2022; 05:51:10.194;0,0048599
1567; 3/31/2022; 05:51:20.208;0,0048667
1568; 3/31/2022; 05:51:30.221;0,004856
1569; 3/31/2022; 05:51:40.226;0,0048548
1570; 3/31/2022; 05:51:50.237;0,0048546
1571; 3/31/2022; 05:52:00.253;0,0048523
1572; 3/31/2022; 05:52:10.272;0,0048568
1573; 3/31/2022; 05:52:20.289;0,0048579
1574; 3/31/2022; 05:52:30.291;0,0048526
1575; 3/31/2022; 05:52:40.310;0,0048528
1576; 3/31/2022; 05:52:50.334;0,0048534
1577; 3/31/2022; 05:53:00.341;0,0048524
1578; 3/31/2022; 05:53:10.346;0,0048561
1579; 3/31/2022; 05:53:20.372;0,0048542
1580; 3/31/2022; 05:53:30.387;0,0048531
1581; 3/31/2022; 05:53:40.399;0,0048503
1582; 3/31/2022; 05:53:50.416;0,0048513
1583; 3/31/2022; 05:54:00.418;0,0048544
1584; 3/31/2022; 05:54:10.420;0,0048524
1585; 3/31/2022; 05:54:20.445;0,0048564
1586; 3/31/2022; 05:54:30.448;0,0048534
1587; 3/31/2022; 05:54:40.451;0,0048557
1588; 3/31/2022; 05:54:50.477;0,0048491
1589; 3/31/2022; 05:55:00.482;0,0048495
1590; 3/31/2022; 05:55:10.484;0,0048532
1591; 3/31/2022; 05:55:20.497;0,0048564
1592; 3/31/2022; 05:55:30.503;0,0048543
1593; 3/31/2022; 05:55:40.520;0,0048541
1594; 3/31/2022; 05:55:50.538;0,0048584
1595; 3/31/2022; 05:56:00.541;0,0048557
1596; 3/31/2022; 05:56:10.542;0,0048551
1597; 3/31/2022; 05:56:20.561;0,0048547
1598; 3/31/2022; 05:56:30.565;0,0048539
1599; 3/31/2022; 05:56:40.579;0,0048546
1600; 3/31/2022; 05:56:50.593;0,0048526
1601; 3/31/2022; 05:57:00.604;0,004852
1602; 3/31/2022; 05:57:10.616;0,0048511
1603; 3/31/2022; 05:57:20.621;0,0048559
1604; 3/31/2022; 05:57:30.635;0,004853
1605; 3/31/2022; 05:57:40.661;0,0048606
1606; 3/31/2022; 05:57:50.662;0,004864
1607; 3/31/2022; 05:58:00.663;0,0048545
1608; 3/31/2022; 05:58:10.669;0,0048585
1609; 3/31/2022; 05:58:20.677;0,0048574
1610; 3/31/2022; 05:58:30.686;0,0048552
1611; 3/31/2022; 05:58:40.694;0,0048519
1612; 3/31/2022; 05:58:50.707;0,0048507
1613; 3/31/2022; 05:59:00.707;0,0048571
1614; 3/31/2022; 05:59:10.733;0,0048583
1615; 3/31/2022; 05:59:20.752;0,0048579
1616; 3/31/2022; 05:59:30.776;0,0048569
1617; 3/31/2022; 05:59:40.778;0,0048559
1618; 3/31/2022; 05:59:50.793;0,0048531
1619; 3/31/2022; 06:00:00.812;0,0048543
1620; 3/31/2022; 06:00:10.814;0,0048519
1621; 3/31/2022; 06:00:20.822;0,0048531
1622; 3/31/2022; 06:00:30.847;0,004851
1623; 3/31/2022; 06:00:40.872;0,0048549
1624; 3/31/2022; 06:00:50.135;0,004853
1625; 3/31/2022; 06:01:00.162;0,0048539
1626; 3/31/2022; 06:01:10.169;0,0048522
1627; 3/31/2022; 06:01:20.170;0,0048531
1628; 3/31/2022; 06:01:30.199;0,0048587
1629; 3/31/2022; 06:01:40.213;0,004852
1630; 3/31/2022; 06:01:50.235;0,0048558
1631; 3/31/2022; 06:02:00.248;0,0048564
1632; 3/31/2022; 06:02:10.272;0,0048542
1633; 3/31/2022; 06:02:20.288;0,0048551
1634; 3/31/2022; 06:02:30.314;0,0048536
1635; 3/31/2022; 06:02:40.341;0,004865
1636; 3/31/2022; 06:02:50.346;0,0048609
1637; 3/31/2022; 06:03:00.358;0,0048577
1638; 3/31/2022; 06:03:10.376;0,0048574
1639; 3/31/2022; 06:03:20.383;0,0048559
1640; 3/31/2022; 06:03:30.397;0,0048567
1641; 3/31/2022; 06:03:40.416;0,0048533
1642; 3/31/2022; 06:03:50.440;0,0048526
1643; 3/31/2022; 06:04:00.463;0,0048538
1644; 3/31/2022; 06:04:10.482;0,004854
1645; 3/31/2022; 06:04:20.503;0,0048552
1646; 3/31/2022; 06:04:30.517;0,0048559
1647; 3/31/2022; 06:04:40.532;0,0048626
1648; 3/31/2022; 06:04:50.542;0,0048681
1649; 3/31/2022; 06:05:00.566;0,0048624
1650; 3/31/2022; 06:05:10.568;0,0048568
1651; 3/31/2022; 06:05:20.574;0,0048593
1652; 3/31/2022; 06:05:30.593;0,0048578
1653; 3/31/2022; 06:05:40.602;0,0048558
1654; 3/31/2022; 06:05:50.616;0,0048554
1655; 3/31/2022; 06:06:00.626;0,0048551
1656; 3/31/2022; 06:06:10.635;0,0048551
1657; 3/31/2022; 06:06:20.653;0,0048603
1658; 3/31/2022; 06:06:30.667;0,0048541
1659; 3/31/2022; 06:06:40.669;0,0048619
1660; 3/31/2022; 06:06:50.678;0,0048582
1661; 3/31/2022; 06:07:00.698;0,0048615
1662; 3/31/2022; 06:07:10.727;0,0048579
1663; 3/31/2022; 06:07:20.749;0,0048556
1664; 3/31/2022; 06:07:30.770;0,0048555
1665; 3/31/2022; 06:07:40.777;0,0048584
1666; 3/31/2022; 06:07:50.803;0,0048578
1667; 3/31/2022; 06:08:00.811;0,0048529
1668; 3/31/2022; 06:08:10.835;0,0048589
1669; 3/31/2022; 06:08:20.846;0,0048567
1670; 3/31/2022; 06:08:30.846;0,004863
1671; 3/31/2022; 06:08:40.861;0,0048593
1672; 3/31/2022; 06:08:50.877;0,0048599
1673; 3/31/2022; 06:09:00.128;0,0048581
1674; 3/31/2022; 06:09:10.143;0,0048576
1675; 3/31/2022; 06:09:20.172;0,0048555
1676; 3/31/2022; 06:09:30.176;0,0048625
1677; 3/31/2022; 06:09:40.187;0,0048566
1678; 3/31/2022; 06:09:50.199;0,0048607
1679; 3/31/2022; 06:10:00.223;0,004858
1680; 3/31/2022; 06:10:10.230;0,0048584
1681; 3/31/2022; 06:10:20.258;0,0048546
1682; 3/31/2022; 06:10:30.273;0,0048599
1683; 3/31/2022; 06:10:40.302;0,0048547
1684; 3/31/2022; 06:10:50.304;0,0048558
1685; 3/31/2022; 06:11:00.328;0,0048584
1686; 3/31/2022; 06:11:10.341;0,0048612
1687; 3/31/2022; 06:11:20.347;0,0048541
1688; 3/31/2022; 06:11:30.358;0,004851
1689; 3/31/2022; 06:11:40.377;0,0048554
1690; 3/31/2022; 06:11:50.384;0,0048594
1691; 3/31/2022; 06:12:00.397;0,0048573
1692; 3/31/2022; 06:12:10.402;0,00486
1693; 3/31/2022; 06:12:20.422;0,0048644
1694; 3/31/2022; 06:12:30.439;0,0048637
1695; 3/31/2022; 06:12:40.448;0,0048587
1696; 3/31/2022; 06:12:50.468;0,0048564
1697; 3/31/2022; 06:13:00.476;0,0048612
1698; 3/31/2022; 06:13:10.478;0,0048546
1699; 3/31/2022; 06:13:20.498;0,004854
1700; 3/31/2022; 06:13:30.522;0,0048599
1701; 3/31/2022; 06:13:40.524;0,0048548
1702; 3/31/2022; 06:13:50.538;0,0048582
1703; 3/31/2022; 06:14:00.551;0,0048538
1704; 3/31/2022; 06:14:10.556;0,0048578
1705; 3/31/2022; 06:14:20.582;0,0048545
1706; 3/31/2022; 06:14:30.610;0,0048508
1707; 3/31/2022; 06:14:40.637;0,0048584
1708; 3/31/2022; 06:14:50.661;0,0048605
1709; 3/31/2022; 06:15:00.675;0,0048576
1710; 3/31/2022; 06:15:10.677;0,0048593
1711; 3/31/2022; 06:15:20.701;0,0048581
1712; 3/31/2022; 06:15:30.727;0,0048615
1713; 3/31/2022; 06:15:40.733;0,0048581
1714; 3/31/2022; 06:15:50.737;0,0048579
1715; 3/31/2022; 06:16:00.739;0,0048572
1716; 3/31/2022; 06:16:10.764;0,0048596
1717; 3/31/2022; 06:16:20.769;0,0048614
1718; 3/31/2022; 06:16:30.787;0,0048612
1719; 3/31/2022; 06:16:40.808;0,0048581
1720; 3/31/2022; 06:16:50.837;0,0048531
1721; 3/31/2022; 06:17:00.853;0,004856
1722; 3/31/2022; 06:17:10.861;0,0048548
1723; 3/31/2022; 06:17:20.866;0,0048543
1724; 3/31/2022; 06:17:30.873;0,0048571
1725; 3/31/2022; 06:17:40.141;0,0048596
1726; 3/31/2022; 06:17:50.171;0,004862
1727; 3/31/2022; 06:18:00.190;0,0048577
1728; 3/31/2022; 06:18:10.217;0,0048566
1729; 3/31/2022; 06:18:20.236;0,0048532
1730; 3/31/2022; 06:18:30.243;0,0048579
1731; 3/31/2022; 06:18:40.264;0,0048593
1732; 3/31/2022; 06:18:50.274;0,0048552
1733; 3/31/2022; 06:19:00.290;0,0048595
1734; 3/31/2022; 06:19:10.301;0,0048619
1735; 3/31/2022; 06:19:20.308;0,0048569
1736; 3/31/2022; 06:19:30.314;0,0048532
1737; 3/31/2022; 06:19:40.344;0,0048546
1738; 3/31/2022; 06:19:50.360;0,0048595
1739; 3/31/2022; 06:20:00.382;0,0048541
1740; 3/31/2022; 06:20:10.402;0,0048603
1741; 3/31/2022; 06:20:20.425;0,004859
1742; 3/31/2022; 06:20:30.454;0,0048566
1743; 3/31/2022; 06:20:40.481;0,0048574
1744; 3/31/2022; 06:20:50.482;0,0048583
1745; 3/31/2022; 06:21:00.490;0,0048542
1746; 3/31/2022; 06:21:10.519;0,0048543
1747; 3/31/2022; 06:21:20.526;0,0048533
1748; 3/31/2022; 06:21:30.543;0,0048547
1749; 3/31/2022; 06:21:40.560;0,0048541
1750; 3/31/2022; 06:21:50.568;0,0048555
1751; 3/31/2022; 06:22:00.579;0,0048592
1752; 3/31/2022; 06:22:10.608;0,0048598
1753; 3/31/2022; 06:22:20.635;0,0048559
1754; 3/31/2022; 06:22:30.637;0,0048623
1755; 3/31/2022; 06:22:40.657;0,0048559
1756; 3/31/2022; 06:22:50.676;0,004858
1757; 3/31/2022; 06:23:00.691;0,0048564
1758; 3/31/2022; 06:23:10.696;0,0048589
1759; 3/31/2022; 06:23:20.710;0,0048608
1760; 3/31/2022; 06:23:30.730;0,0048581
1761; 3/31/2022; 06:23:40.732;0,0048572
1762; 3/31/2022; 06:23:50.752;0,0048619
1763; 3/31/2022; 06:24:00.771;0,0048628
1764; 3/31/2022; 06:24:10.783;0,0048614
1765; 3/31/2022; 06:24:20.798;0,0048577
1766; 3/31/2022; 06:24:30.814;0,0048601
1767; 3/31/2022; 06:24:40.836;0,0048576
1768; 3/31/2022; 06:24:50.853;0,0048621
1769; 3/31/2022; 06:25:00.874;0,0048559
1770; 3/31/2022; 06:25:10.148;0,0048551
1771; 3/31/2022; 06:25:20.167;0,0048558
1772; 3/31/2022; 06:25:30.178;0,004859
1773; 3/31/2022; 06:25:40.184;0,0048606
1774; 3/31/2022; 06:25:50.192;0,004861
1775; 3/31/2022; 06:26:00.216;0,004859
1776; 3/31/2022; 06:26:10.244;0,0048619
1777; 3/31/2022; 06:26:20.265;0,0048588
1778; 3/31/2022; 06:26:30.271;0,0048585
1779; 3/31/2022; 06:26:40.292;0,0048587
1780; 3/31/2022; 06:26:50.305;0,0048607
1781; 3/31/2022; 06:27:00.323;0,004859
1782; 3/31/2022; 06:27:10.334;0,0048595
1783; 3/31/2022; 06:27:20.337;0,0048604
1784; 3/31/2022; 06:27:30.363;0,0048667
1785; 3/31/2022; 06:27:40.385;0,0048618
1786; 3/31/2022; 06:27:50.415;0,0048583
1787; 3/31/2022; 06:28:00.418;0,0048603
1788; 3/31/2022; 06:28:10.420;0,0048631
1789; 3/31/2022; 06:28:20.429;0,0048553
1790; 3/31/2022; 06:28:30.459;0,0048594
1791; 3/31/2022; 06:28:40.466;0,0048622
1792; 3/31/2022; 06:28:50.494;0,0048616
1793; 3/31/2022; 06:29:00.507;0,0048652
1794; 3/31/2022; 06:29:10.512;0,0048592
1795; 3/31/2022; 06:29:20.540;0,0048592
1796; 3/31/2022; 06:29:30.544;0,0048601
1797; 3/31/2022; 06:29:40.555;0,004863
1798; 3/31/2022; 06:29:50.566;0,0048613
1799; 3/31/2022; 06:30:00.574;0,0048625
1800; 3/31/2022; 06:30:10.602;0,0048596
1801; 3/31/2022; 06:30:20.616;0,0048648
1802; 3/31/2022; 06:30:30.623;0,0048614
1803; 3/31/2022; 06:30:40.642;0,0048581
1804; 3/31/2022; 06:30:50.647;0,0048575
1805; 3/31/2022; 06:31:00.662;0,0048602
1806; 3/31/2022; 06:31:10.665;0,0048598
1807; 3/31/2022; 06:31:20.673;0,0048601
1808; 3/31/2022; 06:31:30.703;0,00486
1809; 3/31/2022; 06:31:40.721;0,0048634
1810; 3/31/2022; 06:31:50.726;0,0048654
1811; 3/31/2022; 06:32:00.726;0,004859
1812; 3/31/2022; 06:32:10.734;0,0048639
1813; 3/31/2022; 06:32:20.747;0,0048634
1814; 3/31/2022; 06:32:30.777;0,004865
1815; 3/31/2022; 06:32:40.786;0,0048588
1816; 3/31/2022; 06:32:50.798;0,0048661
1817; 3/31/2022; 06:33:00.810;0,0048595
1818; 3/31/2022; 06:33:10.830;0,0048647
1819; 3/31/2022; 06:33:20.835;0,0048639
1820; 3/31/2022; 06:33:30.857;0,0048648
1821; 3/31/2022; 06:33:40.871;0,0048658
1822; 3/31/2022; 06:33:50.151;0,0048679
1823; 3/31/2022; 06:34:00.152;0,0048587
1824; 3/31/2022; 06:34:10.161;0,0048637
1825; 3/31/2022; 06:34:20.174;0,0048656
1826; 3/31/2022; 06:34:30.175;0,0048637
1827; 3/31/2022; 06:34:40.184;0,0048669
1828; 3/31/2022; 06:34:50.184;0,0048665
1829; 3/31/2022; 06:35:00.198;0,0048623
1830; 3/31/2022; 06:35:10.200;0,0048628
1831; 3/31/2022; 06:35:20.202;0,0048671
1832; 3/31/2022; 06:35:30.212;0,0048658
1833; 3/31/2022; 06:35:40.216;0,004869
1834; 3/31/2022; 06:35:50.232;0,0048628
1835; 3/31/2022; 06:36:00.240;0,0048663
1836; 3/31/2022; 06:36:10.268;0,0048629
1837; 3/31/2022; 06:36:20.274;0,0048639
1838; 3/31/2022; 06:36:30.304;0,0048659
1839; 3/31/2022; 06:36:40.317;0,0048659
1840; 3/31/2022; 06:36:50.337;0,0048661
1841; 3/31/2022; 06:37:00.342;0,0048646
1842; 3/31/2022; 06:37:10.349;0,0048656
1843; 3/31/2022; 06:37:20.356;0,0048661
1844; 3/31/2022; 06:37:30.384;0,0048681
1845; 3/31/2022; 06:37:40.392;0,0048678
1846; 3/31/2022; 06:37:50.416;0,0048674
1847; 3/31/2022; 06:38:00.431;0,0048667
1848; 3/31/2022; 06:38:10.437;0,0048644
1849; 3/31/2022; 06:38:20.451;0,0048632
1850; 3/31/2022; 06:38:30.458;0,0048629
1851; 3/31/2022; 06:38:40.467;0,0048629
1852; 3/31/2022; 06:38:50.488;0,0048621
1853; 3/31/2022; 06:39:00.516;0,0048625
1854; 3/31/2022; 06:39:10.525;0,0048665
1855; 3/31/2022; 06:39:20.542;0,0048615
1856; 3/31/2022; 06:39:30.542;0,0048638
1857; 3/31/2022; 06:39:40.554;0,0048615
1858; 3/31/2022; 06:39:50.561;0,0048632
1859; 3/31/2022; 06:40:00.562;0,0048654
1860; 3/31/2022; 06:40:10.565;0,0048644
1861; 3/31/2022; 06:40:20.565;0,0048635
1862; 3/31/2022; 06:40:30.572;0,0048655
1863; 3/31/2022; 06:40:40.585;0,0048708
1864; 3/31/2022; 06:40:50.594;0,0048643
1865; 3/31/2022; 06:41:00.597;0,0048647
1866; 3/31/2022; 06:41:10.601;0,0048639
1867; 3/31/2022; 06:41:20.602;0,0048646
1868; 3/31/2022; 06:41:30.613;0,004867
1869; 3/31/2022; 06:41:40.633;0,0048671
1870; 3/31/2022; 06:41:50.637;0,0048679
1871; 3/31/2022; 06:42:00.661;0,0048663
1872; 3/31/2022; 06:42:10.667;0,0048706
1873; 3/31/2022; 06:42:20.687;0,0048655
1874; 3/31/2022; 06:42:30.711;0,0048665
1875; 3/31/2022; 06:42:40.740;0,0048716
1876; 3/31/2022; 06:42:50.743;0,0048681
1877; 3/31/2022; 06:43:00.754;0,0048703
1878; 3/31/2022; 06:43:10.755;0,0048755
1879; 3/31/2022; 06:43:20.761;0,0048719
1880; 3/31/2022; 06:43:30.767;0,0048687
1881; 3/31/2022; 06:43:40.781;0,0048707
1882; 3/31/2022; 06:43:50.802;0,0048701
1883; 3/31/2022; 06:44:00.810;0,0048676
1884; 3/31/2022; 06:44:10.836;0,004871
1885; 3/31/2022; 06:44:20.864;0,0048728
1886; 3/31/2022; 06:44:30.877;0,004873
1887; 3/31/2022; 06:44:40.127;0,0048726
1888; 3/31/2022; 06:44:50.130;0,0048731
1889; 3/31/2022; 06:45:00.143;0,0048787
1890; 3/31/2022; 06:45:10.156;0,0048776
1891; 3/31/2022; 06:45:20.185;0,0048671
1892; 3/31/2022; 06:45:30.188;0,0048716
1893; 3/31/2022; 06:45:40.216;0,0048701
1894; 3/31/2022; 06:45:50.222;0,0048749
1895; 3/31/2022; 06:46:00.245;0,0048753
1896; 3/31/2022; 06:46:10.266;0,0048764
1897; 3/31/2022; 06:46:20.268;0,0048712
1898; 3/31/2022; 06:46:30.283;0,0048758
1899; 3/31/2022; 06:46:40.306;0,0048759
1900; 3/31/2022; 06:46:50.318;0,0048711
1901; 3/31/2022; 06:47:00.330;0,0048731
1902; 3/31/2022; 06:47:10.358;0,0048731
1903; 3/31/2022; 06:47:20.365;0,0048723
1904; 3/31/2022; 06:47:30.374;0,0048718
1905; 3/31/2022; 06:47:40.386;0,0048741
1906; 3/31/2022; 06:47:50.387;0,0048704
1907; 3/31/2022; 06:48:00.388;0,0048717
1908; 3/31/2022; 06:48:10.393;0,0048721
1909; 3/31/2022; 06:48:20.403;0,0048691
1910; 3/31/2022; 06:48:30.404;0,0048742
1911; 3/31/2022; 06:48:40.417;0,0048738
1912; 3/31/2022; 06:48:50.425;0,004874
1913; 3/31/2022; 06:49:00.444;0,0048747
1914; 3/31/2022; 06:49:10.461;0,0048734
1915; 3/31/2022; 06:49:20.465;0,0048742
1916; 3/31/2022; 06:49:30.468;0,0048756
1917; 3/31/2022; 06:49:40.472;0,0048732
1918; 3/31/2022; 06:49:50.488;0,004877
1919; 3/31/2022; 06:50:00.499;0,0048714
1920; 3/31/2022; 06:50:10.500;0,004877
1921; 3/31/2022; 06:50:20.508;0,0048724
1922; 3/31/2022; 06:50:30.516;0,0048752
1923; 3/31/2022; 06:50:40.522;0,0048759
1924; 3/31/2022; 06:50:50.524;0,0048822
1925; 3/31/2022; 06:51:00.536;0,0048783
1926; 3/31/2022; 06:51:10.555;0,0048732
1927; 3/31/2022; 06:51:20.563;0,0048791
1928; 3/31/2022; 06:51:30.567;0,0048777
1929; 3/31/2022; 06:51:40.568;0,0048759
1930; 3/31/2022; 06:51:50.577;0,0048746
1931; 3/31/2022; 06:52:00.593;0,004876
1932; 3/31/2022; 06:52:10.598;0,0048751
1933; 3/31/2022; 06:52:20.626;0,0048755
1934; 3/31/2022; 06:52:30.653;0,0048757
1935; 3/31/2022; 06:52:40.655;0,0048753
1936; 3/31/2022; 06:52:50.657;0,0048726
1937; 3/31/2022; 06:53:00.661;0,0048725
1938; 3/31/2022; 06:53:10.672;0,0048771
1939; 3/31/2022; 06:53:20.691;0,0048788
1940; 3/31/2022; 06:53:30.704;0,0048802
1941; 3/31/2022; 06:53:40.724;0,0048792
1942; 3/31/2022; 06:53:50.755;0,0048792
1943; 3/31/2022; 06:54:00.766;0,004878
1944; 3/31/2022; 06:54:10.776;0,004879
1945; 3/31/2022; 06:54:20.784;0,0048736
1946; 3/31/2022; 06:54:30.788;0,0048817
1947; 3/31/2022; 06:54:40.800;0,0048779
1948; 3/31/2022; 06:54:50.808;0,0048762
1949; 3/31/2022; 06:55:00.823;0,0048745
1950; 3/31/2022; 06:55:10.824;0,0048763
1951; 3/31/2022; 06:55:20.828;0,004877
1952; 3/31/2022; 06:55:30.837;0,0048764
1953; 3/31/2022; 06:55:40.865;0,0048812
1954; 3/31/2022; 06:55:50.895;0,0048762
1955; 3/31/2022; 06:56:00.146;0,0048788
1956; 3/31/2022; 06:56:10.150;0,0048801
1957; 3/31/2022; 06:56:20.158;0,0048797
1958; 3/31/2022; 06:56:30.172;0,0048839
1959; 3/31/2022; 06:56:40.176;0,0048769
1960; 3/31/2022; 06:56:50.192;0,0048749
1961; 3/31/2022; 06:57:00.197;0,0048801
1962; 3/31/2022; 06:57:10.211;0,0048788
1963; 3/31/2022; 06:57:20.221;0,004879
1964; 3/31/2022; 06:57:30.225;0,0048778
1965; 3/31/2022; 06:57:40.234;0,0048875
1966; 3/31/2022; 06:57:50.248;0,0048803
1967; 3/31/2022; 06:58:00.262;0,0048841
1968; 3/31/2022; 06:58:10.267;0,004881
1969; 3/31/2022; 06:58:20.272;0,004881
1970; 3/31/2022; 06:58:30.274;0,0048827
1971; 3/31/2022; 06:58:40.282;0,0048815
1972; 3/31/2022; 06:58:50.298;0,0048777
1973; 3/31/2022; 06:59:00.328;0,0048807
1974; 3/31/2022; 06:59:10.341;0,0048819
1975; 3/31/2022; 06:59:20.344;0,0048833
1976; 3/31/2022; 06:59:30.373;0,004884
1977; 3/31/2022; 06:59:40.376;0,0048802
1978; 3/31/2022; 06:59:50.385;0,0048791
1979; 3/31/2022; 07:00:00.393;0,0048734
1980; 3/31/2022; 07:00:10.396;0,0048799
1981; 3/31/2022; 07:00:20.402;0,0048808
1982; 3/31/2022; 07:00:30.416;0,0048826
1983; 3/31/2022; 07:00:40.442;0,0048823
1984; 3/31/2022; 07:00:50.444;0,0048832
1985; 3/31/2022; 07:01:00.449;0,0048789
1986; 3/31/2022; 07:01:10.449;0,0048865
1987; 3/31/2022; 07:01:20.459;0,0048819
1988; 3/31/2022; 07:01:30.466;0,0048829
1989; 3/31/2022; 07:01:40.473;0,0048788
1990; 3/31/2022; 07:01:50.479;0,0048835
1991; 3/31/2022; 07:02:00.492;0,0048823
1992; 3/31/2022; 07:02:10.512;0,004878
1993; 3/31/2022; 07:02:20.517;0,0048845
1994; 3/31/2022; 07:02:30.522;0,0048851
1995; 3/31/2022; 07:02:40.531;0,0048798
1996; 3/31/2022; 07:02:50.534;0,0048811
1997; 3/31/2022; 07:03:00.540;0,0048827
1998; 3/31/2022; 07:03:10.541;0,0048831
1999; 3/31/2022; 07:03:20.567;0,0048849
2000; 3/31/2022; 07:03:30.576;0,0048819
2001; 3/31/2022; 07:03:40.604;0,004886
2002; 3/31/2022; 07:03:50.616;0,0048861
2003; 3/31/2022; 07:04:00.631;0,0048824
2004; 3/31/2022; 07:04:10.641;0,0048859
2005; 3/31/2022; 07:04:20.641;0,0048816
2006; 3/31/2022; 07:04:30.644;0,0048846
2007; 3/31/2022; 07:04:40.670;0,0048881
2008; 3/31/2022; 07:04:50.682;0,0048849
2009; 3/31/2022; 07:05:00.694;0,0048878
2010; 3/31/2022; 07:05:10.696;0,0048833
2011; 3/31/2022; 07:05:20.706;0,0048852
2012; 3/31/2022; 07:05:30.727;0,0048842
2013; 3/31/2022; 07:05:40.739;0,0048812
2014; 3/31/2022; 07:05:50.745;0,004888
2015; 3/31/2022; 07:06:00.751;0,004894
2016; 3/31/2022; 07:06:10.759;0,0048871
2017; 3/31/2022; 07:06:20.771;0,0048886
2018; 3/31/2022; 07:06:30.776;0,0048822
2019; 3/31/2022; 07:06:40.781;0,0048846
2020; 3/31/2022; 07:06:50.802;0,0048901
2021; 3/31/2022; 07:07:00.811;0,0048829
2022; 3/31/2022; 07:07:10.820;0,0048821
2023; 3/31/2022; 07:07:20.824;0,0048808
2024; 3/31/2022; 07:07:30.854;0,0048847
2025; 3/31/2022; 07:07:40.858;0,0048877
2026; 3/31/2022; 07:07:50.875;0,0048859
2027; 3/31/2022; 07:08:00.151;0,0048844
2028; 3/31/2022; 07:08:10.181;0,0048851
2029; 3/31/2022; 07:08:20.191;0,0048843
2030; 3/31/2022; 07:08:30.203;0,0048873
2031; 3/31/2022; 07:08:40.204;0,0048868
2032; 3/31/2022; 07:08:50.208;0,0048882
2033; 3/31/2022; 07:09:00.218;0,004889
2034; 3/31/2022; 07:09:10.224;0,0048866
2035; 3/31/2022; 07:09:20.231;0,0048866
2036; 3/31/2022; 07:09:30.232;0,0048831
2037; 3/31/2022; 07:09:40.243;0,0048845
2038; 3/31/2022; 07:09:50.261;0,004884
2039; 3/31/2022; 07:10:00.283;0,0048845
2040; 3/31/2022; 07:10:10.307;0,0048854
2041; 3/31/2022; 07:10:20.336;0,0048849
2042; 3/31/2022; 07:10:30.349;0,0048857
2043; 3/31/2022; 07:10:40.357;0,0048869
2044; 3/31/2022; 07:10:50.358;0,0048856
2045; 3/31/2022; 07:11:00.362;0,004884
2046; 3/31/2022; 07:11:10.363;0,004886
2047; 3/31/2022; 07:11:20.375;0,0048822
2048; 3/31/2022; 07:11:30.386;0,0048876
2049; 3/31/2022; 07:11:40.387;0,0048882
2050; 3/31/2022; 07:11:50.404;0,004884
2051; 3/31/2022; 07:12:00.419;0,0048893
2052; 3/31/2022; 07:12:10.435;0,0048887
2053; 3/31/2022; 07:12:20.441;0,0048837
2054; 3/31/2022; 07:12:30.446;0,0048869
2055; 3/31/2022; 07:12:40.447;0,0048835
2056; 3/31/2022; 07:12:50.463;0,0048874
2057; 3/31/2022; 07:13:00.491;0,0048907
2058; 3/31/2022; 07:13:10.501;0,0048897
2059; 3/31/2022; 07:13:20.503;0,0048852
2060; 3/31/2022; 07:13:30.506;0,0048881
2061; 3/31/2022; 07:13:40.534;0,0048887
2062; 3/31/2022; 07:13:50.537;0,0048918
2063; 3/31/2022; 07:14:00.548;0,0048927
2064; 3/31/2022; 07:14:10.549;0,0048944
2065; 3/31/2022; 07:14:20.552;0,0048904
2066; 3/31/2022; 07:14:30.553;0,0048891
2067; 3/31/2022; 07:14:40.567;0,0048894
2068; 3/31/2022; 07:14:50.596;0,0048901
2069; 3/31/2022; 07:15:00.607;0,0048895
2070; 3/31/2022; 07:15:10.626;0,0048881
2071; 3/31/2022; 07:15:20.634;0,0048863
2072; 3/31/2022; 07:15:30.637;0,0048899
2073; 3/31/2022; 07:15:40.643;0,0048885
2074; 3/31/2022; 07:15:50.658;0,0048862
2075; 3/31/2022; 07:16:00.665;0,0048865
2076; 3/31/2022; 07:16:10.678;0,0048901
2077; 3/31/2022; 07:16:20.705;0,0048915
2078; 3/31/2022; 07:16:30.734;0,0048869
2079; 3/31/2022; 07:16:40.740;0,0048894
2080; 3/31/2022; 07:16:50.741;0,0048852
2081; 3/31/2022; 07:17:00.746;0,0048916
2082; 3/31/2022; 07:17:10.746;0,0048869
2083; 3/31/2022; 07:17:20.776;0,0048905
2084; 3/31/2022; 07:17:30.789;0,0048896
2085; 3/31/2022; 07:17:40.796;0,0048868
2086; 3/31/2022; 07:17:50.803;0,0048918
2087; 3/31/2022; 07:18:00.810;0,0048866
2088; 3/31/2022; 07:18:10.814;0,0048888
2089; 3/31/2022; 07:18:20.835;0,0048903
2090; 3/31/2022; 07:18:30.865;0,0048892
2091; 3/31/2022; 07:18:40.892;0,0048869
2092; 3/31/2022; 07:18:50.155;0,0048878
2093; 3/31/2022; 07:19:00.164;0,0048905
2094; 3/31/2022; 07:19:10.168;0,0048943
2095; 3/31/2022; 07:19:20.175;0,0048889
2096; 3/31/2022; 07:19:30.192;0,0048869
2097; 3/31/2022; 07:19:40.199;0,0048938
2098; 3/31/2022; 07:19:50.203;0,0048918
2099; 3/31/2022; 07:20:00.208;0,0048937
2100; 3/31/2022; 07:20:10.217;0,004887
2101; 3/31/2022; 07:20:20.218;0,0048918
2102; 3/31/2022; 07:20:30.220;0,004891
2103; 3/31/2022; 07:20:40.234;0,0048927
2104; 3/31/2022; 07:20:50.240;0,004889
2105; 3/31/2022; 07:21:00.247;0,0048888
2106; 3/31/2022; 07:21:10.276;0,0048921
2107; 3/31/2022; 07:21:20.282;0,004894
2108; 3/31/2022; 07:21:30.289;0,0048932
2109; 3/31/2022; 07:21:40.301;0,0048916
2110; 3/31/2022; 07:21:50.330;0,004893
2111; 3/31/2022; 07:22:00.359;0,0048927
2112; 3/31/2022; 07:22:10.370;0,0048916
2113; 3/31/2022; 07:22:20.386;0,0048902
2114; 3/31/2022; 07:22:30.395;0,0048917
2115; 3/31/2022; 07:22:40.408;0,0048947
2116; 3/31/2022; 07:22:50.427;0,0048951
2117; 3/31/2022; 07:23:00.433;0,0048924
2118; 3/31/2022; 07:23:10.441;0,0048954
2119; 3/31/2022; 07:23:20.442;0,0048888
2120; 3/31/2022; 07:23:30.469;0,0048888
2121; 3/31/2022; 07:23:40.494;0,0048948
2122; 3/31/2022; 07:23:50.503;0,0048859
2123; 3/31/2022; 07:24:00.504;0,0048935
2124; 3/31/2022; 07:24:10.516;0,0048929
2125; 3/31/2022; 07:24:20.528;0,004891
2126; 3/31/2022; 07:24:30.532;0,0048927
2127; 3/31/2022; 07:24:40.540;0,004892
2128; 3/31/2022; 07:24:50.551;0,0048962
2129; 3/31/2022; 07:25:00.564;0,0048939
2130; 3/31/2022; 07:25:10.582;0,0048951
2131; 3/31/2022; 07:25:20.598;0,0048932
2132; 3/31/2022; 07:25:30.614;0,0048941
2133; 3/31/2022; 07:25:40.642;0,0048931
2134; 3/31/2022; 07:25:50.648;0,0048921
2135; 3/31/2022; 07:26:00.662;0,0048936
2136; 3/31/2022; 07:26:10.669;0,0048982
2137; 3/31/2022; 07:26:20.691;0,0048988
2138; 3/31/2022; 07:26:30.693;0,0048995
2139; 3/31/2022; 07:26:40.722;0,0048936
2140; 3/31/2022; 07:26:50.724;0,0048937
2141; 3/31/2022; 07:27:00.747;0,0048918
2142; 3/31/2022; 07:27:10.747;0,0048968
2143; 3/31/2022; 07:27:20.772;0,0048951
2144; 3/31/2022; 07:27:30.779;0,0048975
2145; 3/31/2022; 07:27:40.807;0,0048947
2146; 3/31/2022; 07:27:50.818;0,0048949
2147; 3/31/2022; 07:28:00.830;0,0048998
2148; 3/31/2022; 07:28:10.845;0,0048994
2149; 3/31/2022; 07:28:20.849;0,0048947
2150; 3/31/2022; 07:28:30.852;0,0048957
2151; 3/31/2022; 07:28:40.863;0,0048978
2152; 3/31/2022; 07:28:50.878;0,0049003
2153; 3/31/2022; 07:29:00.142;0,004902
2154; 3/31/2022; 07:29:10.155;0,0048943
2155; 3/31/2022; 07:29:20.163;0,0048999
2156; 3/31/2022; 07:29:30.175;0,0048966
2157; 3/31/2022; 07:29:40.177;0,0048982
2158; 3/31/2022; 07:29:50.187;0,0048984
2159; 3/31/2022; 07:30:00.199;0,0048951
2160; 3/31/2022; 07:30:10.210;0,0048961
2161; 3/31/2022; 07:30:20.237;0,0048934
2162; 3/31/2022; 07:30:30.249;0,0048951
2163; 3/31/2022; 07:30:40.252;0,004898
2164; 3/31/2022; 07:30:50.261;0,0048988
2165; 3/31/2022; 07:31:00.267;0,0048965
2166; 3/31/2022; 07:31:10.296;0,0049017
2167; 3/31/2022; 07:31:20.305;0,0048998
2168; 3/31/2022; 07:31:30.333;0,0048968
2169; 3/31/2022; 07:31:40.342;0,0049061
2170; 3/31/2022; 07:31:50.364;0,0049019
2171; 3/31/2022; 07:32:00.369;0,0049026
2172; 3/31/2022; 07:32:10.385;0,0049035
2173; 3/31/2022; 07:32:20.403;0,0049025
2174; 3/31/2022; 07:32:30.421;0,0049006
2175; 3/31/2022; 07:32:40.431;0,0048983
2176; 3/31/2022; 07:32:50.446;0,0049066
2177; 3/31/2022; 07:33:00.457;0,0049029
2178; 3/31/2022; 07:33:10.464;0,0049008
2179; 3/31/2022; 07:33:20.478;0,0049031
2180; 3/31/2022; 07:33:30.499;0,0048971
2181; 3/31/2022; 07:33:40.502;0,0048994
2182; 3/31/2022; 07:33:50.513;0,0048999
2183; 3/31/2022; 07:34:00.519;0,0049008
2184; 3/31/2022; 07:34:10.522;0,0048963
2185; 3/31/2022; 07:34:20.544;0,0048966
2186; 3/31/2022; 07:34:30.554;0,0049005
2187; 3/31/2022; 07:34:40.566;0,0048996
2188; 3/31/2022; 07:34:50.575;0,0048988
2189; 3/31/2022; 07:35:00.576;0,0049016
2190; 3/31/2022; 07:35:10.604;0,0049037
2191; 3/31/2022; 07:35:20.618;0,004902
2192; 3/31/2022; 07:35:30.619;0,0049044
2193; 3/31/2022; 07:35:40.631;0,0049031
2194; 3/31/2022; 07:35:50.639;0,004896
2195; 3/31/2022; 07:36:00.654;0,0049034
2196; 3/31/2022; 07:36:10.666;0,0048984
2197; 3/31/2022; 07:36:20.674;0,0048986
2198; 3/31/2022; 07:36:30.675;0,0049008
2199; 3/31/2022; 07:36:40.688;0,0048983
2200; 3/31/2022; 07:36:50.689;0,004901
2201; 3/31/2022; 07:37:00.693;0,0049022
2202; 3/31/2022; 07:37:10.698;0,0049045
2203; 3/31/2022; 07:37:20.726;0,0048999
2204; 3/31/2022; 07:37:30.756;0,0048981
2205; 3/31/2022; 07:37:40.765;0,0049029
2206; 3/31/2022; 07:37:50.782;0,0049055
2207; 3/31/2022; 07:38:00.787;0,0048993
2208; 3/31/2022; 07:38:10.794;0,0048995
2209; 3/31/2022; 07:38:20.808;0,0049007
2210; 3/31/2022; 07:38:30.824;0,0049079
2211; 3/31/2022; 07:38:40.840;0,0049071
2212; 3/31/2022; 07:38:50.848;0,004906
2213; 3/31/2022; 07:39:00.854;0,0049018
2214; 3/31/2022; 07:39:10.866;0,0049073
2215; 3/31/2022; 07:39:20.876;0,0049019
2216; 3/31/2022; 07:39:30.135;0,004903
2217; 3/31/2022; 07:39:40.165;0,004907
2218; 3/31/2022; 07:39:50.171;0,0048999
2219; 3/31/2022; 07:40:00.171;0,0049018
2220; 3/31/2022; 07:40:10.172;0,0049069
2221; 3/31/2022; 07:40:20.176;0,0049049
2222; 3/31/2022; 07:40:30.189;0,0049002
2223; 3/31/2022; 07:40:40.198;0,0049044
2224; 3/31/2022; 07:40:50.211;0,0049054
2225; 3/31/2022; 07:41:00.233;0,0049047
2226; 3/31/2022; 07:41:10.236;0,0049007
2227; 3/31/2022; 07:41:20.254;0,0049053
2228; 3/31/2022; 07:41:30.261;0,0049034
2229; 3/31/2022; 07:41:40.268;0,0049035
2230; 3/31/2022; 07:41:50.276;0,0049041
2231; 3/31/2022; 07:42:00.285;0,0049029
2232; 3/31/2022; 07:42:10.288;0,0049039
2233; 3/31/2022; 07:42:20.298;0,0049118
2234; 3/31/2022; 07:42:30.317;0,0049162
2235; 3/31/2022; 07:42:40.327;0,0049034
2236; 3/31/2022; 07:42:50.356;0,004905
2237; 3/31/2022; 07:43:00.365;0,0049041
2238; 3/31/2022; 07:43:10.381;0,0049028
2239; 3/31/2022; 07:43:20.395;0,0049013
2240; 3/31/2022; 07:43:30.396;0,0048999
2241; 3/31/2022; 07:43:40.410;0,0049048
2242; 3/31/2022; 07:43:50.416;0,0049096
2243; 3/31/2022; 07:44:00.446;0,0049046
2244; 3/31/2022; 07:44:10.473;0,0049036
2245; 3/31/2022; 07:44:20.482;0,0049017
2246; 3/31/2022; 07:44:30.488;0,0049035
2247; 3/31/2022; 07:44:40.510;0,0049037
2248; 3/31/2022; 07:44:50.519;0,0049024
2249; 3/31/2022; 07:45:00.526;0,0049041
2250; 3/31/2022; 07:45:10.536;0,004903
2251; 3/31/2022; 07:45:20.536;0,0049039
2252; 3/31/2022; 07:45:30.543;0,0049082
2253; 3/31/2022; 07:45:40.546;0,0048986
2254; 3/31/2022; 07:45:50.552;0,0049034
2255; 3/31/2022; 07:46:00.563;0,0049063
2256; 3/31/2022; 07:46:10.569;0,0049048
2257; 3/31/2022; 07:46:20.573;0,0049028
2258; 3/31/2022; 07:46:30.582;0,004907
2259; 3/31/2022; 07:46:40.585;0,0049058
2260; 3/31/2022; 07:46:50.594;0,0049056
2261; 3/31/2022; 07:47:00.597;0,0049044
2262; 3/31/2022; 07:47:10.617;0,0049072
2263; 3/31/2022; 07:47:20.625;0,0049066
2264; 3/31/2022; 07:47:30.633;0,0049041
2265; 3/31/2022; 07:47:40.641;0,0049056
2266; 3/31/2022; 07:47:50.666;0,0049067
2267; 3/31/2022; 07:48:00.668;0,0049042
2268; 3/31/2022; 07:48:10.678;0,004906
2269; 3/31/2022; 07:48:20.689;0,0049041
2270; 3/31/2022; 07:48:30.702;0,0049037
2271; 3/31/2022; 07:48:40.708;0,0049063
2272; 3/31/2022; 07:48:50.728;0,0049012
2273; 3/31/2022; 07:49:00.743;0,0049002
2274; 3/31/2022; 07:49:10.747;0,004906
2275; 3/31/2022; 07:49:20.757;0,0049144
2276; 3/31/2022; 07:49:30.772;0,0049201
2277; 3/31/2022; 07:49:40.781;0,0049121
2278; 3/31/2022; 07:49:50.783;0,0049086
2279; 3/31/2022; 07:50:00.796;0,0049057
2280; 3/31/2022; 07:50:10.823;0,0049031
2281; 3/31/2022; 07:50:20.852;0,0049064
2282; 3/31/2022; 07:50:30.855;0,0049056
2283; 3/31/2022; 07:50:40.858;0,0049035
2284; 3/31/2022; 07:50:50.860;0,004906
2285; 3/31/2022; 07:51:00.864;0,004905
2286; 3/31/2022; 07:51:10.893;0,0049039
2287; 3/31/2022; 07:51:20.153;0,0049054
2288; 3/31/2022; 07:51:30.164;0,004912
2289; 3/31/2022; 07:51:40.177;0,0049133
2290; 3/31/2022; 07:51:50.195;0,0049076
2291; 3/31/2022; 07:52:00.211;0,0049115
2292; 3/31/2022; 07:52:10.221;0,0049103
2293; 3/31/2022; 07:52:20.226;0,0049091
2294; 3/31/2022; 07:52:30.231;0,0049124
2295; 3/31/2022; 07:52:40.238;0,0049122
2296; 3/31/2022; 07:52:50.258;0,0049134
2297; 3/31/2022; 07:53:00.266;0,0049051
2298; 3/31/2022; 07:53:10.280;0,0049147
2299; 3/31/2022; 07:53:20.286;0,0049077
2300; 3/31/2022; 07:53:30.286;0,0049066
2301; 3/31/2022; 07:53:40.294;0,0049051
2302; 3/31/2022; 07:53:50.300;0,004908
2303; 3/31/2022; 07:54:00.315;0,0049078
2304; 3/31/2022; 07:54:10.326;0,0049122
2305; 3/31/2022; 07:54:20.337;0,0049081
2306; 3/31/2022; 07:54:30.366;0,0049071
2307; 3/31/2022; 07:54:40.385;0,0049103
2308; 3/31/2022; 07:54:50.406;0,0049072
2309; 3/31/2022; 07:55:00.433;0,0049035
2310; 3/31/2022; 07:55:10.438;0,0049042
2311; 3/31/2022; 07:55:20.451;0,004905
2312; 3/31/2022; 07:55:30.466;0,0049098
2313; 3/31/2022; 07:55:40.474;0,0049074
2314; 3/31/2022; 07:55:50.480;0,0049055
2315; 3/31/2022; 07:56:00.484;0,0049101
2316; 3/31/2022; 07:56:10.487;0,0049072
2317; 3/31/2022; 07:56:20.497;0,004908
2318; 3/31/2022; 07:56:30.507;0,0049045
2319; 3/31/2022; 07:56:40.508;0,0049093
2320; 3/31/2022; 07:56:50.522;0,0049081
2321; 3/31/2022; 07:57:00.529;0,0049073
2322; 3/31/2022; 07:57:10.536;0,0049075
2323; 3/31/2022; 07:57:20.549;0,0049058
2324; 3/31/2022; 07:57:30.559;0,0049073
2325; 3/31/2022; 07:57:40.567;0,0049112
2326; 3/31/2022; 07:57:50.568;0,0049092
2327; 3/31/2022; 07:58:00.568;0,0049071
2328; 3/31/2022; 07:58:10.596;0,0049115
2329; 3/31/2022; 07:58:20.604;0,0049078
2330; 3/31/2022; 07:58:30.627;0,0049058
2331; 3/31/2022; 07:58:40.635;0,0049056
2332; 3/31/2022; 07:58:50.640;0,0049077
2333; 3/31/2022; 07:59:00.656;0,004909
2334; 3/31/2022; 07:59:10.668;0,0049084
2335; 3/31/2022; 07:59:20.688;0,0049099
2336; 3/31/2022; 07:59:30.688;0,0049123
2337; 3/31/2022; 07:59:40.701;0,0049094
2338; 3/31/2022; 07:59:50.714;0,0049111
2339; 3/31/2022; 08:00:00.717;0,0049077
2340; 3/31/2022; 08:00:10.729;0,0049069
2341; 3/31/2022; 08:00:20.733;0,0049081
2342; 3/31/2022; 08:00:30.735;0,0049108
2343; 3/31/2022; 08:00:40.742;0,0049081
2344; 3/31/2022; 08:00:50.772;0,0049093
2345; 3/31/2022; 08:01:00.788;0,0049078
2346; 3/31/2022; 08:01:10.790;0,0049052
2347; 3/31/2022; 08:01:20.793;0,0049059
2348; 3/31/2022; 08:01:30.806;0,0049072
2349; 3/31/2022; 08:01:40.829;0,0049096
2350; 3/31/2022; 08:01:50.835;0,0049065
2351; 3/31/2022; 08:02:00.850;0,0049122
2352; 3/31/2022; 08:02:10.856;0,0049028
2353; 3/31/2022; 08:02:20.867;0,0049077
2354; 3/31/2022; 08:02:30.872;0,004907
2355; 3/31/2022; 08:02:40.125;0,0049129
2356; 3/31/2022; 08:02:50.153;0,0049063
2357; 3/31/2022; 08:03:00.158;0,0049147
2358; 3/31/2022; 08:03:10.185;0,0049089
2359; 3/31/2022; 08:03:20.188;0,0049112
2360; 3/31/2022; 08:03:30.188;0,0049111
2361; 3/31/2022; 08:03:40.217;0,0049094
2362; 3/31/2022; 08:03:50.220;0,0049113
2363; 3/31/2022; 08:04:00.249;0,0049068
2364; 3/31/2022; 08:04:10.258;0,0049095
2365; 3/31/2022; 08:04:20.264;0,0049127
2366; 3/31/2022; 08:04:30.272;0,004916
2367; 3/31/2022; 08:04:40.277;0,0049072
2368; 3/31/2022; 08:04:50.303;0,0049076
2369; 3/31/2022; 08:05:00.315;0,0049138
2370; 3/31/2022; 08:05:10.325;0,0049115
2371; 3/31/2022; 08:05:20.333;0,00491
2372; 3/31/2022; 08:05:30.338;0,0049083
2373; 3/31/2022; 08:05:40.348;0,0049069
2374; 3/31/2022; 08:05:50.361;0,0049078
2375; 3/31/2022; 08:06:00.364;0,0049074
2376; 3/31/2022; 08:06:10.369;0,0049121
2377; 3/31/2022; 08:06:20.397;0,0049131
2378; 3/31/2022; 08:06:30.427;0,0049065
2379; 3/31/2022; 08:06:40.441;0,0049105
2380; 3/31/2022; 08:06:50.448;0,0049108
2381; 3/31/2022; 08:07:00.463;0,0049117
2382; 3/31/2022; 08:07:10.476;0,0049119
2383; 3/31/2022; 08:07:20.476;0,0049118
2384; 3/31/2022; 08:07:30.484;0,0049128
2385; 3/31/2022; 08:07:40.492;0,0049132
2386; 3/31/2022; 08:07:50.500;0,0049114
2387; 3/31/2022; 08:08:00.503;0,0049115
2388; 3/31/2022; 08:08:10.527;0,0049082
2389; 3/31/2022; 08:08:20.535;0,0049135
2390; 3/31/2022; 08:08:30.537;0,0049126
2391; 3/31/2022; 08:08:40.563;0,0049125
2392; 3/31/2022; 08:08:50.568;0,0049119
2393; 3/31/2022; 08:09:00.572;0,004911
2394; 3/31/2022; 08:09:10.595;0,0049122
2395; 3/31/2022; 08:09:20.601;0,0049117
2396; 3/31/2022; 08:09:30.624;0,0049086
2397; 3/31/2022; 08:09:40.645;0,0049095
2398; 3/31/2022; 08:09:50.649;0,0049112
2399; 3/31/2022; 08:10:00.656;0,0049102
2400; 3/31/2022; 08:10:10.658;0,0049114
2401; 3/31/2022; 08:10:20.668;0,0049109
2402; 3/31/2022; 08:10:30.698;0,004911
2403; 3/31/2022; 08:10:40.702;0,0049178
2404; 3/31/2022; 08:10:50.712;0,0049126
2405; 3/31/2022; 08:11:00.716;0,0049126
2406; 3/31/2022; 08:11:10.724;0,0049174
2407; 3/31/2022; 08:11:20.734;0,004914
2408; 3/31/2022; 08:11:30.751;0,0049153
2409; 3/31/2022; 08:11:40.753;0,0049161
2410; 3/31/2022; 08:11:50.758;0,0049195
2411; 3/31/2022; 08:12:00.771;0,0049112
2412; 3/31/2022; 08:12:10.786;0,0049159
2413; 3/31/2022; 08:12:20.797;0,0049108
2414; 3/31/2022; 08:12:30.807;0,0049158
2415; 3/31/2022; 08:12:40.817;0,0049151
2416; 3/31/2022; 08:12:50.824;0,0049146
2417; 3/31/2022; 08:13:00.830;0,0049135
2418; 3/31/2022; 08:13:10.835;0,0049141
2419; 3/31/2022; 08:13:20.846;0,0049139
2420; 3/31/2022; 08:13:30.856;0,004912
2421; 3/31/2022; 08:13:40.857;0,0049141
2422; 3/31/2022; 08:13:50.865;0,0049138
2423; 3/31/2022; 08:14:00.882;0,0049127
2424; 3/31/2022; 08:14:10.132;0,0049191
2425; 3/31/2022; 08:14:20.140;0,004916
2426; 3/31/2022; 08:14:30.150;0,004915
2427; 3/31/2022; 08:14:40.181;0,0049159
2428; 3/31/2022; 08:14:50.187;0,004915
2429; 3/31/2022; 08:15:00.199;0,004914
2430; 3/31/2022; 08:15:10.227;0,004916
2431; 3/31/2022; 08:15:20.248;0,0049127
2432; 3/31/2022; 08:15:30.258;0,0049191
2433; 3/31/2022; 08:15:40.262;0,004918
2434; 3/31/2022; 08:15:50.266;0,0049138
2435; 3/31/2022; 08:16:00.271;0,0049112
2436; 3/31/2022; 08:16:10.295;0,0049152
2437; 3/31/2022; 08:16:20.313;0,0049153
2438; 3/31/2022; 08:16:30.317;0,0049182
2439; 3/31/2022; 08:16:40.334;0,0049195
2440; 3/31/2022; 08:16:50.347;0,0049143
2441; 3/31/2022; 08:17:00.377;0,0049178
2442; 3/31/2022; 08:17:10.377;0,0049156
2443; 3/31/2022; 08:17:20.385;0,0049171
2444; 3/31/2022; 08:17:30.392;0,0049173
2445; 3/31/2022; 08:17:40.403;0,0049139
2446; 3/31/2022; 08:17:50.421;0,0049121
2447; 3/31/2022; 08:18:00.426;0,0049166
2448; 3/31/2022; 08:18:10.433;0,0049199
2449; 3/31/2022; 08:18:20.442;0,0049121
2450; 3/31/2022; 08:18:30.443;0,0049162
2451; 3/31/2022; 08:18:40.452;0,0049113
2452; 3/31/2022; 08:18:50.465;0,0049189
2453; 3/31/2022; 08:19:00.473;0,0049195
2454; 3/31/2022; 08:19:10.475;0,0049171
2455; 3/31/2022; 08:19:20.497;0,0049178
2456; 3/31/2022; 08:19:30.508;0,0049162
2457; 3/31/2022; 08:19:40.517;0,004915
2458; 3/31/2022; 08:19:50.522;0,0049147
2459; 3/31/2022; 08:20:00.531;0,004915
2460; 3/31/2022; 08:20:10.544;0,0049163
2461; 3/31/2022; 08:20:20.558;0,0049138
2462; 3/31/2022; 08:20:30.565;0,0049177
2463; 3/31/2022; 08:20:40.568;0,0049194
2464; 3/31/2022; 08:20:50.576;0,0049175
2465; 3/31/2022; 08:21:00.598;0,0049206
2466; 3/31/2022; 08:21:10.610;0,0049135
2467; 3/31/2022; 08:21:20.625;0,0049144
2468; 3/31/2022; 08:21:30.639;0,0049135
2469; 3/31/2022; 08:21:40.642;0,0049161
2470; 3/31/2022; 08:21:50.643;0,0049154
2471; 3/31/2022; 08:22:00.646;0,0049203
2472; 3/31/2022; 08:22:10.648;0,0049164
2473; 3/31/2022; 08:22:20.653;0,0049178
2474; 3/31/2022; 08:22:30.668;0,0049121
2475; 3/31/2022; 08:22:40.675;0,0049157
2476; 3/31/2022; 08:22:50.680;0,0049166
2477; 3/31/2022; 08:23:00.685;0,0049157
2478; 3/31/2022; 08:23:10.695;0,0049179
2479; 3/31/2022; 08:23:20.701;0,0049136
2480; 3/31/2022; 08:23:30.705;0,0049136
2481; 3/31/2022; 08:23:40.712;0,0049138
2482; 3/31/2022; 08:23:50.716;0,0049144
2483; 3/31/2022; 08:24:00.744;0,0049185
2484; 3/31/2022; 08:24:10.751;0,0049133
2485; 3/31/2022; 08:24:20.754;0,0049121
2486; 3/31/2022; 08:24:30.754;0,0049134
2487; 3/31/2022; 08:24:40.756;0,0049142
2488; 3/31/2022; 08:24:50.767;0,0049152
2489; 3/31/2022; 08:25:00.772;0,0049163
2490; 3/31/2022; 08:25:10.785;0,0049141
2491; 3/31/2022; 08:25:20.787;0,0049168
2492; 3/31/2022; 08:25:30.804;0,0049137
2493; 3/31/2022; 08:25:40.813;0,0049168
2494; 3/31/2022; 08:25:50.821;0,0049148
2495; 3/31/2022; 08:26:00.835;0,0049185
2496; 3/31/2022; 08:26:10.864;0,0049185
2497; 3/31/2022; 08:26:20.865;0,0049168
2498; 3/31/2022; 08:26:30.874;0,0049196
2499; 3/31/2022; 08:26:40.152;0,004917
2500; 3/31/2022; 08:26:50.155;0,0049138
2501; 3/31/2022; 08:27:00.163;0,0049146
2502; 3/31/2022; 08:27:10.167;0,0049113
2503; 3/31/2022; 08:27:20.174;0,0049152
2504; 3/31/2022; 08:27:30.202;0,0049169
2505; 3/31/2022; 08:27:40.213;0,0049129
2506; 3/31/2022; 08:27:50.220;0,004914
2507; 3/31/2022; 08:28:00.250;0,0049111
2508; 3/31/2022; 08:28:10.252;0,0049172
2509; 3/31/2022; 08:28:20.261;0,004916
2510; 3/31/2022; 08:28:30.266;0,0049128
2511; 3/31/2022; 08:28:40.271;0,0049199
2512; 3/31/2022; 08:28:50.299;0,0049138
2513; 3/31/2022; 08:29:00.308;0,0049197
2514; 3/31/2022; 08:29:10.316;0,0049159
2515; 3/31/2022; 08:29:20.321;0,004917
2516; 3/31/2022; 08:29:30.346;0,0049148
2517; 3/31/2022; 08:29:40.363;0,0049136
2518; 3/31/2022; 08:29:50.374;0,0049112
2519; 3/31/2022; 08:30:00.386;0,0049167
2520; 3/31/2022; 08:30:10.407;0,0049197
