0.01,0.009968487746981773
0.11,0.10635310901667605
0.21000000000000002,0.197262703468395
0.31000000000000005,0.28335092320116867
0.41000000000000003,0.3651615028805305
0.51,0.4431428726099656
0.6100000000000001,0.5176590274546293
0.7100000000000001,0.5889974576696023
0.81,0.6573747758349499
0.91,0.7229405749713939
1.01,0.7857800009059197
1.11,0.8459155124513191
1.2100000000000002,0.9033083256966166
1.31,0.9578600844778478
1.4100000000000001,1.0094153556412906
1.51,1.0577655980378022
1.61,1.1026552754507022
1.7100000000000002,1.1437907474365925
1.81,1.1808524470073667
1.9100000000000001,1.21351061186825
2.01,1.2414444606975048
2.11,1.2643642062866831
2.21,1.282034717595846
2.31,1.2942990685510594
2.41,1.3010997633612098
2.51,1.3024952396757379
2.61,1.2986694314734768
2.71,1.2899327666250173
2.81,1.2767139259145466
2.91,1.259542846299363
3.01,1.2390265875057291
3.11,1.2158205651131682
3.21,1.1905981114282216
3.31,1.164021291742774
3.41,1.1367154311425418
3.51,1.109249040628344
3.61,1.0821199556511618
3.71,1.0557476860483859
3.81,1.0304713429130714
3.91,1.0065521086928109
4.01,0.9841790470958789
4.11,0.9634770656467813
4.21,0.9445159855347736
4.31,0.9273198810366658
4.41,0.911876075958619
4.51,0.898143394303888
4.61,0.8860594384959863
4.71,0.8755468042743891
4.8100000000000005,0.8665182378589463
4.91,0.8588808034693878
5.01,0.8525391648281545
5.11,0.8473980999658263
5.21,0.843364370735784
5.3100000000000005,0.8403480619560526
5.41,0.8382634938042585
5.51,0.8370297976553622
5.61,0.8365712317283972
5.71,0.836817299772009
5.8100000000000005,0.837702724154755
5.91,0.8391673143895112
6.01,0.8411557633551614
6.11,0.843617396200995
6.21,0.8465058909819942
6.3100000000000005,0.8497789853012995
6.41,0.8533981794513386
6.51,0.8573284435796868
6.61,0.8615379341095272
6.71,0.8659977228877058
6.8100000000000005,0.8706815412060007
6.91,0.8755655398524805
7.01,0.8806280656254359
7.11,0.8858494542225129
7.21,0.8912118390545702
7.3100000000000005,0.8966989752896857
7.41,0.9022960782780306
7.51,0.907989675419941
7.61,0.9137674704996795
7.71,0.9196182195023959
7.8100000000000005,0.9255316169513229
7.91,0.9314981918384098
8.01,0.9375092122686013
8.11,0.9435565979914579
8.21,0.9496328400507047
8.31,0.9557309268403305
8.41,0.9618442759135049
8.51,0.967966670946854
8.61,0.9740922033168462
8.71,0.9802152177969043
8.81,0.9863302619332384
8.91,0.9924320387042981
9.01,0.9985153621133491
9.11,1.0045751154061975
9.21,1.0106062116467796
9.31,1.016603556422558
9.41,1.0225620124896897
9.51,1.0284763662051484
9.610000000000001,1.0343412956296931
9.71,1.0401513402221136
9.81,1.045900872081835
9.91,1.0515840687340159
10.01,1.0571948874889447
10.110000000000001,1.0627270414459948
10.21,1.068173977251776
10.31,1.0735288547624384
10.41,1.0787845288012985
10.51,1.0839335332448732
10.610000000000001,1.0889680677127926
10.71,1.0938799871793936
10.81,1.0986607948665161
10.91,1.1033016388173018
11.01,1.1077933125886243
11.110000000000001,1.1121262605338895
11.21,1.1162905881768967
11.31,1.1202760781994334
11.41,1.124072212578404
11.51,1.1276682014102777
11.610000000000001,1.1310530189491206
11.71,1.1342154473569273
11.81,1.1371441286187183
11.91,1.139827625007413
12.01,1.1422544883923342
12.110000000000001,1.1444133385683086
12.21,1.1462929506380548
12.31,1.1478823513080187
12.41,1.149170923757081
12.51,1.150148520509819
12.610000000000001,1.1508055834938549
12.71,1.15113327018852
12.81,1.1511235844854668
12.91,1.1507695105888496
13.01,1.150065147992812
13.110000000000001,1.1490058452986043
13.21,1.1475883303853889
13.31,1.1458108342414268
13.41,1.143673205609992
13.51,1.1411770135208357
13.610000000000001,1.1383256347760233
13.71,1.1351243235490343
13.81,1.1315802604457417
13.91,1.127702578668934
14.01,1.1235023653233647
14.110000000000001,1.1189926363898262
14.21,1.114188284472743
14.31,1.1091059990694843
14.41,1.1037641597992816
14.51,1.0981827037398326
14.610000000000001,1.092382968722184
14.71,1.086387515100164
14.81,1.0802199291108028
14.91,1.0739046114507196
15.01,1.0674665550880666
15.110000000000001,1.0609311165936004
15.21,1.0543237853974337
15.31,1.047669955356721
15.41,1.040994702857844
15.51,1.0343225753851257
15.610000000000001,1.0276773940832609
15.71,1.0210820733435846
15.81,1.0145584598794226
15.91,1.0081271931490337
16.01,1.0018075883620805
16.110000000000003,0.9956175426918522
16.21,0.9895734647325957
16.310000000000002,0.9836902267078665
16.410000000000004,0.9779811384661489
16.51,0.9724579419041594
16.610000000000003,0.9671308241418525
16.71,0.9620084475378226
16.810000000000002,0.9570979944774838
16.910000000000004,0.9524052247842044
17.01,0.9479345435881926
17.110000000000003,0.9436890775306279
17.21,0.9396707572715538
17.310000000000002,0.935880404399431
17.410000000000004,0.9323178209981811
17.51,0.9289818803048113
17.610000000000003,0.9258706170789792
17.71,0.9229813164979319
17.810000000000002,0.9203106005799514
17.910000000000004,0.9178545113220137
18.01,0.9156085899089227
18.110000000000003,0.9135679515091643
18.21,0.911727355315322
18.310000000000002,0.9100812696132312
18.410000000000004,0.9086239317738675
18.51,0.9073494031555899
18.610000000000003,0.9062516189824891
18.71,0.905324433328283
18.810000000000002,0.904561659385642
18.910000000000004,0.903957105239399
19.01,0.903504605390143
19.110000000000003,0.9031980482936477
19.210000000000004,0.903031400192723
19.310000000000002,0.9029987255227031
19.410000000000004,0.9030942041710078
19.51,0.9033121458661273
19.610000000000003,0.9036470019628674
19.710000000000004,0.9040933748796132
19.810000000000002,0.9046460254303906
19.910000000000004,0.9052998782802443
20.01,0.906050025737419
20.110000000000003,0.9068917300804133
20.210000000000004,0.9078204246025331
20.310000000000002,0.9088317135413532
20.410000000000004,0.909921371045731
20.51,0.9110853393188106
20.610000000000003,0.9123197260619967
20.710000000000004,0.9136208013321416
20.810000000000002,0.9149849939123391
20.910000000000004,0.9164088872856416
21.01,0.9178892152908453
21.110000000000003,0.9194228575301092
21.210000000000004,0.9210068345896145
21.310000000000002,0.922638303126686
21.410000000000004,0.9243145508697341
21.51,0.9260329915710267
21.610000000000003,0.9277911599465616
21.710000000000004,0.9295867066322094
21.810000000000002,0.9314173931807144
21.910000000000004,0.9332810871200944
22.01,0.935175757090375
22.110000000000003,0.9370994680724315
22.210000000000004,0.9390503767199174
22.310000000000002,0.9410267268028194
22.410000000000004,0.943026844769048
22.51,0.9450491354286211
22.610000000000003,0.9470920777634052
22.710000000000004,0.9491542208639954
22.810000000000002,0.9512341799941414
22.910000000000004,0.9533306327821337
23.01,0.9554423155377055
23.110000000000003,0.9575680196923199
23.210000000000004,0.9597065883601077
23.310000000000002,0.961856913016264
23.410000000000004,0.9640179302893092
23.51,0.9661886188633362
23.610000000000003,0.9683679964861227
23.710000000000004,0.9705551170788259
23.810000000000002,0.9727490679428633
23.910000000000004,0.9749489670595178
24.01,0.9771539604777707
24.110000000000003,0.979363219785895
24.210000000000004,0.9815759396623571
24.310000000000002,0.9837913355016665
24.410000000000004,0.9860086411108823
24.51,0.9882271064726109
24.610000000000003,0.9904459955704478
24.710000000000004,0.9926645842729652
24.810000000000002,0.994882158272503
24.910000000000004,0.9970980110751917
25.01,0.9993114420388165
25.110000000000003,1.001521754455332
25.210000000000004,1.0037282536750285
25.310000000000002,1.005930245269582
25.410000000000004,1.0081270332314298
25.51,1.0103179182071615
25.610000000000003,1.012502195762851
25.710000000000004,1.0146791546795229
25.810000000000002,1.016848075277211
25.910000000000004,1.0190082277663537
26.01,1.0211588706255565
26.110000000000003,1.023299249005082
26.210000000000004,1.0254285931557294
26.310000000000002,1.0275461168831346
26.410000000000004,1.0296510160278531
26.51,1.0317424669719883
26.610000000000003,1.0338196251735172
26.710000000000004,1.0358816237298716
26.810000000000002,1.0379275719727947
26.910000000000004,1.0399565540969324
27.01,1.0419676278251067
27.110000000000003,1.0439598231137337
27.210000000000004,1.0459321409023703
27.310000000000002,1.0478835519119212
27.410000000000004,1.0498129954966315
27.51,1.0517193785555732
27.610000000000003,1.0536015745099594
27.710000000000004,1.055458422353275
27.810000000000002,1.0572887257818526
27.910000000000004,1.059091252414213
28.01,1.0608647331081886
28.110000000000003,1.0626078613855232
28.210000000000004,1.064319292974379
28.310000000000002,1.0659976454808662
28.410000000000004,1.0676414982014193
28.51,1.0692493920885329
28.610000000000003,1.0708198298830276
28.710000000000004,1.0723512764266603
28.810000000000002,1.0738421591694731
28.910000000000004,1.0752908688868308
29.01,1.0766957606215402
29.110000000000003,1.0780551548668689
29.210000000000004,1.079367339006543
29.310000000000002,1.080630569027998
29.410000000000004,1.0818430715251968
29.51,1.0830030460072282
29.610000000000003,1.084108667528609
29.710000000000004,1.0851580896567559
29.810000000000002,1.086149447791396
29.910000000000004,1.0870808628497646
